PLAYER,TEAM,MINS,FGM,FGA,FG%,2PM,2PA,2P%,3PM,3PA,3P%,FTM,FTA,FT%,PTS,OFF,DEF,REB,AST,TO,STL,BLK,STK,PF,Fls on:,+/-,GW,GP
I. Galas,CSB,3.4499999999999997,5.797101449275362,14.492753623188406,40.0,5.797101449275362,11.594202898550725,50.0,0.0,2.898550724637681,0.0,8.695652173913043,11.594202898550725,75.0,20.28985507246377,0.0,0.0,0.0,0.0,2.898550724637681,0.0,2.898550724637681,2.898550724637681,2.898550724637681,8.695652173913043,-55.072463768115945,3.0,3.0
J. Barba,LPU,26.583333333342857,6.7711598746057255,15.557545902367915,43.5233160622,4.675324675323001,8.786386027762191,53.2110091743,2.0958351992827247,6.7711598746057255,30.9523809524,3.869234214060414,5.1589789520805525,75.0,19.50738916255459,1.6927899686514314,5.4814151365855865,7.174205105237018,3.466188983429121,3.224361845050345,1.2897447380201381,0.0,1.2897447380201381,2.660098522166535,4.433497536944224,-0.6448723690100691,6.0,14.0
R. Are,SSCR,29.532051282046154,5.938788799653734,15.081397872804876,39.378238342,4.766659431301023,10.00217060994313,47.65625,1.1721293683527105,5.079227262861745,23.0769230769,6.095072715434095,8.126763620578794,75.0,19.144779683094274,2.4224006945956016,2.6568265682661436,5.079227262861745,4.532233557630481,2.578684610375963,2.813110484046505,0.0781419578901807,2.891252441936686,3.5163881050581316,6.407640546994818,-3.750813978728674,3.0,13.0
S. Argente,JRU,22.2488095238,5.297233666865128,16.180641018788027,32.7380952381,2.4078334849386946,6.0677403820455105,39.6825396825,2.8894001819264337,10.112900636742516,28.5714285714,5.20092032746758,6.452993739635701,80.5970149254,18.68478784312427,0.5778800363852867,2.6967735031313382,3.274653539516625,3.082026860721529,1.4447000909632168,0.8668200545779301,0.0,0.8668200545779301,2.311520145541147,4.815666969877389,-0.28894001819264337,4.0,14.0
J. Guiab,JRU,26.203571428557144,6.296851574216326,10.876379991828202,57.8947368421,5.887965108358124,9.159056835223748,64.2857142857,0.40888646585820304,1.7173231566044527,23.8095238095,5.151969469813358,6.78751533324617,75.9036144578,18.154559084104214,2.6986506746641403,4.007087365410389,6.70573804007453,2.8622052610074213,1.6355458634328122,0.8995502248880467,0.0817772931716406,0.9813275180596872,2.289764208805937,5.479078642499921,0.4906637590298436,4.0,14.0
K. Gurtiza,EAC,28.05833333332857,5.269633841063308,17.259960117105905,30.5309734513,2.673002673003127,9.08820908821063,29.4117647059,2.5966311680601804,8.171751028895272,31.7757009346,3.513089227375538,5.269633841063308,66.6666666667,16.648988077562333,1.8329161186307157,2.673002673003127,4.505918791633842,3.054860197717859,1.5274300988589296,1.0692010692012506,0.6109720395435718,1.6801731087448224,1.756544613687769,3.7422037422043775,0.07637150494294648,7.0,14.0
A. Aguilar,SSCR,16.021428571435713,5.483727151134425,14.444939812744341,37.962962963,2.4074899687907236,6.286223807398,38.2978723404,3.0762371823437022,8.15871600534634,37.7049180328,2.139991083369532,3.0762371823437022,69.5652173913,16.183682567982085,1.3374944271059575,4.279982166739064,5.617476593845022,1.3374944271059575,1.8724921979483404,1.3374944271059575,0.0,1.3374944271059575,3.209986625054298,2.674988854211915,3.6112349531860852,4.0,14.0
J. Bagay,EAC,9.577380952378572,6.264760720946244,12.30577998757298,50.9090909091,5.369794903668208,9.397141081419365,57.1428571429,0.8949658172780347,2.908638906153613,30.7692307692,2.684897451834104,4.922311995029191,54.5454545455,16.109384711004626,3.579863269112139,2.4611559975145956,6.041019266626735,1.1187072715975435,1.1187072715975435,0.22374145431950868,0.0,0.22374145431950868,3.132380360473122,3.3561218147926306,0.0,7.0,14.0
J. Culanay,LPU,1.87083333335,8.01781737186621,16.03563474373242,50.0,8.01781737186621,8.01781737186621,100.0,0.0,8.01781737186621,0.0,0.0,0.0,0.0,16.03563474373242,0.0,0.0,0.0,0.0,0.0,4.008908685933105,0.0,4.008908685933105,4.008908685933105,0.0,-24.05345211559863,3.0,4.0
G. Cometa,CSB,17.459523809514288,6.504841129145782,13.623346515758147,47.747747747700004,4.786581208239349,8.468566753038848,56.5217391304,1.7182599209064329,5.154779762719299,33.3333333333,1.2273285149331663,2.0864584753863826,58.8235294118,15.955270694131162,1.8409927723997497,2.0864584753863826,3.927451247786132,3.4365198418128657,3.3137869903195494,1.4727942179197997,0.0,1.4727942179197997,2.5773898813596494,1.5955270694131163,8.100368198558897,12.0,14.0
R. Villegas,LPU,23.210714285721426,5.170026157868851,11.540236959528686,44.8,3.5082320356967203,7.3857516540983585,47.5,1.6617941221721306,4.154485305430327,40.0,3.8775196184016383,4.616094783811474,84.0,15.879366056311472,1.3848284351434421,2.123403600553278,3.5082320356967203,2.677334974610655,1.7541160178483601,1.8464379135245896,0.09232189567622948,1.9387598092008191,1.4771503308196716,3.5082320356967203,3.60055393137295,6.0,14.0
M. Guadana,LPU,25.824074074077778,5.421297956255946,14.06955898171186,38.5321100917,4.00143420580796,7.357475797775926,54.3859649123,1.4198637504479856,6.712083183935932,21.1538461538,3.356041591967966,4.775905342415951,70.2702702703,15.618501254927843,1.0326281821439898,3.2269630691999676,4.2595912513439576,2.8397275008959713,1.678020795983983,1.4198637504479856,0.25815704553599744,1.678020795983983,1.4198637504479856,3.6141986375039634,0.38723556830399614,3.0,9.0
C. Hubilla,MU,25.359523809521427,5.66144024035355,11.576377804902036,48.9051094891,5.323443808093637,10.81588583231723,49.21875,0.33799643225991344,0.7604919725848053,44.4444444444,3.8024598629240263,5.914937564548485,64.2857142857,15.46333677589104,2.196976809689437,5.069946483898701,7.266923293588139,1.858980377429524,2.8729696742092643,0.7604919725848053,0.25349732419493504,1.0139892967797401,3.8869589709890047,4.224955403248918,5.407942916158615,11.0,14.0
N. Quinal,EAC,14.702380952364285,5.392712550613401,15.88663967613137,33.9449541284,2.1862348178162434,5.538461538467817,39.4736842105,3.206477732797157,10.348178137663552,30.985915493,1.4574898785441623,2.040485829961827,71.4285714286,15.449392712568121,2.040485829961827,2.623481781379492,4.663967611341319,1.7489878542529946,1.7489878542529946,1.1659919028353298,0.0,1.1659919028353298,3.352226720651573,1.7489878542529946,6.558704453448731,7.0,14.0
R. Escobido,SSCR,24.59404761905,5.924778546879721,18.297110218305022,32.380952381,4.530713006437434,10.629749745872441,42.6229508197,1.3940655404422875,7.66736047243258,18.1818181818,2.003969214385788,2.35248559949636,85.1851851852,15.247591848587518,1.5683237329975732,3.1366474659951464,4.70497119899272,3.4851638511057184,2.265356503218717,2.003969214385788,0.2613872888329289,2.265356503218717,2.8752601771622177,2.091098310663431,-2.9623892734398605,4.0,14.0
J. Capulong,AU,24.346428571435716,5.80900689452668,13.11427314067387,44.2953020134,5.104884846705264,10.297784949388207,49.5726495726,0.7041220478214159,2.8164881912856634,25.0,2.90450344726334,5.720991638549004,50.7692307692,15.226639284138118,1.8483203755312165,5.54496112659365,7.393281502124866,1.0561830717321237,1.4082440956428317,1.4962593516205087,1.0561830717321237,2.552442423352632,3.608625495084756,5.632976382571327,-4.928854334749911,5.0,14.0
J. Estrada,CSJL,33.52619047619286,5.688516440593304,12.080107946877915,47.0899470899,5.4328527803419195,10.865705560683839,50.0,0.25566366025138443,1.214402386194076,21.0526315789,3.5792912435193824,4.218450394147843,84.8484848485,15.211987784957376,1.2783183012569224,5.7524323556561505,7.030750656913073,4.7936936297134585,4.4741140543992275,0.7030750656913073,0.8309068958169994,1.5339819615083066,2.748384347702383,3.7071230736450747,0.19174774518853832,7.0,14.0
B. Sajonia,SBU,21.937179487184615,4.523405996141775,12.728654082166388,35.5371900826,2.840278183623905,7.1532932032009455,39.7058823529,1.6831278125178695,5.5753608789654425,30.1886792453,4.418210507859408,5.996142832094911,73.6842105263,15.148150312660825,1.0519548828236684,4.523405996141775,5.5753608789654425,2.9454736719062717,2.6298872070591712,1.4727368359531359,0.5259774414118342,1.99871427736497,2.735082695341538,4.9441879492712415,7.574075156330412,8.0,13.0
R. Abiera,AU,13.476923076915385,4.280821917810663,15.23972602740596,28.0898876404,1.7123287671242648,5.6506849315100744,30.303030303,2.5684931506863977,9.589041095895885,26.7857142857,3.938356164385809,5.4794520547976475,71.875,15.068493150693534,0.6849315068497059,2.5684931506863977,3.2534246575361037,1.7123287671242648,2.054794520549118,1.027397260274559,0.17123287671242648,1.1986301369869856,2.3972602739739712,3.082191780823677,-7.191780821921913,5.0,13.0
J. Bravo,LPU,21.81666666668,4.400305576773476,13.200916730320426,33.3333333333,3.0252100840317646,6.050420168063529,50.0,1.375095492741711,7.1504965622568974,19.2307692308,4.675324675321818,6.050420168063529,77.2727272727,14.85103132161048,2.750190985483422,6.600458365160213,9.350649350643636,1.375095492741711,2.200152788386738,0.0,0.5500381970966844,0.5500381970966844,4.400305576773476,4.125286478225133,-4.125286478225133,2.0,5.0
Z. Jarque,CSB,6.3791666666625,5.2906596995462385,9.993468321365116,52.9411764706,2.351404310909439,2.351404310909439,100.0,2.939255388636799,7.642064010455677,38.4615384615,1.1757021554547196,1.1757021554547196,100.0,14.696276943183996,2.351404310909439,4.702808621818878,7.054212932728318,0.0,4.702808621818878,0.0,1.1757021554547196,1.1757021554547196,8.817766165910397,0.5878510777273598,-3.527106466364159,8.0,8.0
J. Miller-Aquinginoc,CSJL,15.764285714285714,3.942002718622565,8.563661078386952,46.0317460317,2.8545536927956503,5.301314000906208,53.8461538462,1.0874490258269145,3.2623470774807433,33.3333333333,5.573176257362936,6.660625283189851,83.6734693878,14.54463072043498,1.359311282283643,3.806071590394201,5.165382872677844,3.3982782057091074,3.3982782057091074,2.038966923425465,0.0,2.038966923425465,2.174898051653829,6.388763026733122,-0.4077933846850929,7.0,14.0
E. Serrano,CSB,4.195238095242857,5.107832009074793,7.15096481270471,71.4285714286,5.107832009074793,7.15096481270471,71.4285714286,0.0,0.0,0.0,4.0862656072598345,4.0862656072598345,100.0,14.30192962540942,4.0862656072598345,5.107832009074793,9.194097616334627,1.0215664018149586,0.0,1.0215664018149586,3.0646992054448754,4.0862656072598345,5.107832009074793,3.0646992054448754,6.129398410889751,7.0,7.0
W. Ynot,CSB,22.89500000001,5.24131906529581,13.103297663239527,40.0,3.1447914391774865,6.0275169250901826,52.1739130435,2.0965276261183243,7.075780738149344,29.6296296296,1.7034286962211385,2.2275606027507195,76.4705882353,14.282594452931084,2.3585935793831148,5.24131906529581,7.599912644678925,5.6344179951929965,3.0137584625450913,1.9654946494859291,0.0,1.9654946494859291,1.9654946494859291,1.5723957195887432,14.544660406195874,9.0,10.0
K. Ramilo,SSCR,3.7866666666599995,4.753521126768933,9.507042253537866,50.0,0.0,1.584507042256311,0.0,4.753521126768933,7.922535211281554,60.0,0.0,0.0,0.0,14.260563380306797,0.0,1.584507042256311,1.584507042256311,0.0,1.584507042256311,0.0,0.0,0.0,4.753521126768933,3.169014084512622,-14.260563380306797,1.0,5.0
T. Ongotan,AU,24.51428571427857,5.419580419581999,14.160839160843288,38.2716049383,4.982517482518934,10.576923076926159,47.1074380165,0.43706293706306437,3.5839160839171282,12.1951219512,2.972027972028838,4.283216783218031,69.387755102,14.2482517482559,3.059440559441451,3.758741258742354,6.818181818183804,2.4475524475531607,2.0104895104900966,2.185314685315322,0.5244755244756774,2.7097902097909996,2.7097902097909996,3.8461538461549667,-0.7867132867135159,5.0,14.0
J. Puno,SBU,25.760714285714283,4.575072785248857,10.314709552197423,44.3548387097,3.16095937889921,7.070567031748233,44.7058823529,1.4141134063496466,3.244142520449189,43.5897435897,3.660058228199085,5.0741716345487315,72.131147541,14.224317205046445,1.996395397199501,6.072369333148482,8.068764730347983,1.0813808401497296,1.580479689449605,0.7486482739498129,0.24954942464993762,0.9981976985997505,1.7468459725495633,4.159157077498961,7.236933314848191,9.0,14.0
C. Escamis,MU,32.69285714285,4.588158182216427,13.63338431287167,33.6538461538,2.818440026218662,5.767970286214938,48.8636363636,1.7697181559977648,7.865414026656731,22.5,3.211710727551499,4.391522831550009,73.1343283582,14.157745247982119,0.8520865195544793,2.556259558663438,3.4083460782179174,3.670526545773142,2.2285339742194075,1.7697181559977648,0.32772558444403055,2.0974437404417956,1.900808389775377,3.9327070133283657,4.981428883549264,11.0,14.0
M. Barrera,JRU,16.1138888889,5.585243923457621,11.325633511455731,49.3150684932,4.654369936214684,7.9124288915649625,58.8235294118,0.9308739872429368,3.4132046198907684,27.2727272727,2.016893639026363,2.327184968107342,86.6666666667,14.118255473184542,1.0860196517834262,1.3963109808644052,2.4823306326478316,1.7066023099453842,1.2411653163239158,0.4654369936214684,0.4654369936214684,0.9308739872429368,2.016893639026363,2.327184968107342,-9.463885536969858,4.0,12.0
M. Cuenco,MU,27.17857142857857,4.809461235215556,10.88042049934011,44.2028985507,2.2076215505907473,4.888304862022369,45.1612903226,2.601839684624809,5.992115637317742,43.4210526316,1.6557161629430603,2.8383705650452464,58.3333333333,13.87647831799898,1.2614980289089983,2.4441524310111844,3.7056504599201823,3.469119579499745,1.4980289093294354,0.8672798948749363,0.0788436268068124,0.9461235216817487,2.8383705650452464,2.5229960578179966,-0.3153745072272496,11.0,14.0
H. Pagsanjan,EAC,24.388095238107145,5.096163233425219,10.89524553352978,46.7741935484,4.305379283410961,7.9957043834774995,53.8461538462,0.7907839500142582,2.8995411500522796,27.2727272727,2.8116762667173623,4.568973933415713,61.5384615385,13.794786683582059,1.4937030166935987,5.0082983500903016,6.5020013667839,2.020892316703104,1.230108366688846,1.1422434833539283,0.4393244166745879,1.5815679000285163,3.514595333396703,3.514595333396703,2.9874060333871975,7.0,14.0
M. Gojo Cruz,UPHSD,28.755555555546668,4.729520865534692,11.61514683153373,40.7185628743,2.8516228748076817,6.120556414221366,46.5909090909,1.8778979907270101,5.494590417312362,34.1772151899,2.2952086553330124,3.268933539413684,70.2127659574,13.632148377129408,1.1128284389493395,4.86862442040336,5.981452859352699,2.7820710973733482,1.9474497681613439,1.182380216383673,0.8346213292120044,2.0170015455956776,1.4605873261210078,2.7125193199390147,3.9644513137570216,6.0,15.0
G. Montano,LPU,20.373809523814288,4.838144209418058,10.833235947175215,44.6601941748,2.8397802968323385,5.2588524015413665,54.0,1.9983639125857193,5.574383545633849,35.8490566038,1.8931868645548924,2.5242491527398565,75.0,13.567839195976727,1.0517704803082735,2.734603248801511,3.7863737291097848,2.208718008647374,1.9983639125857193,0.9465934322774462,0.6310622881849641,1.57765572046241,3.8915507771406115,2.9449573448631656,1.57765572046241,6.0,14.0
C. Pagaran,UPHSD,25.16111111112,5.087215720907896,14.0693309781359,36.1581920904,3.735924045041736,7.789799072640216,47.9591836735,1.35129167586616,6.279531905495684,21.5189873418,1.9871936409796471,3.258997571206621,60.9756097561,13.512916758661598,0.7948774563918588,4.2923382645160375,5.087215720907896,2.066681386618833,1.6692426584229034,0.7948774563918588,0.8743652020310446,1.6692426584229034,1.5897549127837176,2.543607860453948,-1.35129167586616,6.0,15.0
K. Monje,CSJL,17.0,4.652406417112299,10.267379679144385,45.3125,3.2085561497326203,6.25668449197861,51.2820512821,1.4438502673796791,4.010695187165775,36.0,2.7272727272727275,3.8502673796791447,70.8333333333,13.475935828877006,0.9625668449197862,2.8877005347593583,3.8502673796791447,1.4438502673796791,2.085561497326203,0.4812834224598931,0.32085561497326204,0.8021390374331551,3.0481283422459895,2.7272727272727275,-6.096256684491979,4.0,11.0
A. Liwag,CSB,31.04285714285,5.315232397608218,9.940174873449136,53.4722222222,5.315232397608218,9.871145881272406,53.8461538462,0.0,0.06902899217673011,0.0,2.7611596870692043,5.798435342845329,47.619047619,13.39162448228564,3.0372756557761247,7.4551311550868515,10.492406810862976,2.1398987574786337,2.070869765301903,0.5522319374138409,1.0354348826509514,1.5876668200647923,2.2779567418320936,5.522319374138409,10.561435803039707,12.0,14.0
T. Felebrico,SSCR,30.883333333328572,4.787603114641089,10.269061753143207,46.6216216216,4.232518695552268,8.04872407678792,52.5862068966,0.555084419088822,2.220337676355288,25.0,3.052964304988521,4.440675352710576,68.75,13.183254953359523,2.2897232287413907,6.244699714749247,8.534422943490638,2.0815665715830827,1.734638809652569,1.0407832857915413,0.0,1.0407832857915413,2.844807647830213,3.8855909336217542,-3.2611209621468293,4.0,14.0
Y. Andrada,SBU,29.716666666657144,4.903453248939958,11.393317843125196,43.0379746835,2.451726624469979,4.8313436423379,50.7462686567,2.451726624469979,6.561974200787296,37.3626373626,0.8653152792246984,1.442192132041164,60.0,13.123948401574593,1.5864113452452804,4.470795609327609,6.057206954572889,1.2979729188370477,1.5143017386432223,0.5768768528164656,0.5768768528164656,1.1537537056329312,1.442192132041164,1.2258633122349896,2.5238362310720373,9.0,14.0
P. Javillonar,CSJL,21.728787878790907,4.267484833693011,9.539083745902023,44.7368421053,2.886827975733507,5.271598912209013,54.7619047619,1.3806568579595035,4.267484833693011,32.3529411765,3.137856495362508,4.392999093507512,71.4285714286,13.053483020708034,1.7571996374030043,3.3888850149915086,5.146084652394513,0.6275712990725015,2.008228157032005,0.25102851962900063,0.25102851962900063,0.5020570392580013,3.0123422355480076,4.01645631406401,-7.154312809426518,6.0,11.0
Ra. Gabat,SSCR,15.146428571421428,4.527234142892962,12.166941759024837,37.2093023256,2.829521339308102,7.073803348270254,40.0,1.697712803584861,5.093138410754583,33.3333333333,2.263617071446481,2.6880452723426966,84.2105263158,13.015798160817267,0.8488564017924305,2.6880452723426966,3.536901674135127,2.6880452723426966,2.4050931384118868,2.122141004481076,0.0,2.122141004481076,7.073803348270254,2.263617071446481,-0.9903324687578356,4.0,14.0
RC. Calimag,SBU,10.17857142857857,5.0526315789438225,13.894736842095515,36.3636363636,2.5263157894719113,5.6842105263118015,44.4444444444,2.5263157894719113,8.210526315783712,30.7692307692,0.21052631578932596,1.2631578947359556,16.6666666667,12.842105263148884,0.6315789473679778,3.1578947368398893,3.789473684207868,1.2631578947359556,0.8421052631573038,0.21052631578932596,0.21052631578932596,0.4210526315786519,3.3684210526292153,1.4736842105252819,2.3157894736825857,9.0,14.0
J. Ancheta,CSB,17.26282051283077,4.946156702559259,10.560712959518419,46.835443038,4.010397326399399,6.817675454878979,58.8235294118,0.9357593761598598,3.7430375046394393,25.0,2.0051986631996996,3.0746379502395396,65.2173913043,12.833271444478079,0.40103973263993997,3.6093575937594595,4.010397326399399,4.41143705903934,3.3419977719994995,1.06943928703984,0.0,1.06943928703984,2.6735982175995994,4.545116969919319,5.88191607871912,11.0,13.0
J. Sanchez,CSB,23.544047619042857,4.641755574658369,9.192496334127359,50.495049505,4.45972594427961,7.2811852151503835,61.25,0.18202963037875958,1.9113111189769754,9.5238095238,3.367548162007052,4.914800020226508,68.5185185185,12.83308894170255,2.9124740860601532,4.641755574658369,7.554229660718522,2.8214592708707733,3.2765333468176725,1.365222227840697,0.7281185215150383,2.093340749355735,2.9124740860601532,3.913637053143331,7.463214845529143,12.0,14.0
I. Torres,CSB,17.386904761892858,4.560082163645711,12.201300924349335,37.3737373737,2.3416638137640136,5.422800410821925,43.1818181818,2.2184183498816967,6.7785005135274075,32.7272727273,1.478945566587798,2.095172885999381,70.5882352941,12.817528243760915,0.8627182471762155,3.3276275248225455,4.190345771998762,3.697363916469495,2.8346456692932795,1.971927422117064,0.3697363916469495,2.3416638137640136,2.5881547415286468,2.2184183498816967,16.268401232465777,12.0,14.0
K. Vinoya,AU,25.567857142857143,4.777203520044699,11.23061880150859,42.5373134328,3.3524235228383854,6.453415281463892,51.9480519481,1.4247799972063138,4.777203520044699,29.8245614035,1.7600223494901523,3.2686129347674258,53.8461538462,12.739209386785864,0.6704847045676771,4.777203520044699,5.447688224612376,2.095264701773991,2.3466964659868697,1.4247799972063138,0.16762117614191926,1.592401173348233,2.6819388182707082,2.6819388182707082,0.5028635284257578,5.0,14.0
M. Raymundo,JRU,24.56666666667857,4.797441364603219,12.647799961226669,37.9310344828,4.62298895134492,11.513859275047725,40.1515151515,0.17445241325829886,1.1339406861789425,15.3846153846,2.8784648187619313,3.837953091682575,75.0,12.647799961226669,2.7912386121327817,3.925179298311724,6.716417910444506,3.401822058536828,2.267881372357885,1.7445241325829886,0.6978096530331954,2.442333785616184,2.616786198874483,3.489048265165977,-0.26167861988744834,4.0,14.0
Re. Gabat,SSCR,21.565476190464288,4.769528015459437,14.109853712400833,33.8028169014,3.3784156776171006,6.955561689211678,48.5714285714,1.3911123378423356,7.154292023189155,19.4444444444,1.6892078388085503,2.2853988407409798,73.9130434783,12.61937620756976,2.4841291747184564,3.2790505106283625,5.763179685346819,1.0930168368761208,0.8942865028986444,0.7949213359099061,0.19873033397747653,0.9936516698873825,2.9809550096621478,2.2853988407409798,-3.7758763455720534,4.0,14.0
W. Oftana,EAC,21.11785714285714,4.261796042617961,11.263318112633183,37.8378378378,1.9279553526128872,4.566210045662101,42.2222222222,2.333840690005074,6.697108066971081,34.8484848485,1.2176560121765603,2.333840690005074,52.1739130435,12.075088787417556,2.029426686960934,7.001522070015221,9.030948756976155,1.5220700152207003,1.014713343480467,2.4353120243531206,1.319127346524607,3.7544393708777277,4.058853373921868,2.333840690005074,6.2912227295788945,7.0,14.0
S. Valencia,AU,24.155952380957142,4.524173278792662,11.975752796804105,37.7777777778,3.8144990389820483,8.959637277608996,42.5742574257,0.7096742398106136,3.0161155191951075,23.5294117647,2.306441279384494,4.524173278792662,50.9803921569,12.06446207678043,1.4193484796212272,3.5483711990530677,4.967719678674295,2.8386969592424545,1.8628948795028606,1.5080577595975537,0.2661278399289801,1.7741855995265339,2.306441279384494,3.637080479029395,-3.1935340791477613,5.0,14.0
R. Go,CSJL,10.25833333333,3.8017871649078154,9.065800162472483,41.935483871,3.8017871649078154,7.31112916328426,52.0,0.0,1.7546709991882223,0.0,4.386677497970556,6.141348497158778,71.4285714286,11.990251827786185,2.6320064987823333,4.679122664501927,7.31112916328426,1.1697806661254817,0.8773354995941112,0.2924451665313704,0.5848903330627409,0.8773354995941112,3.5093419983764447,4.679122664501927,-2.3395613322509634,4.0,10.0
League,League,20.49626315075856,4.254972292771406,10.741658584730217,39.6118742669,3.114837837783823,6.643201609865731,46.8876005984,1.1401344549875836,4.0984569748644875,27.818626912,2.3185774581426974,3.5072115902312215,66.1088559529,11.968656498673093,1.713375720008256,4.054138963697759,5.767514683706015,2.534841712595262,1.9851794351031258,1.1490855298560672,0.46527422727238915,1.6143597571284565,2.77189616874955,3.1357867236542742,0.8327685544725395,6.5512899082,13.0959687127
B. Lina,SBU,22.09444444445,3.8471209454352913,7.6942418908705825,50.0,3.8471209454352913,7.6942418908705825,50.0,0.0,0.0,0.0,4.073422177519721,6.562735730448438,62.0689655172,11.767664068390301,1.810409856675431,4.752325873773007,6.562735730448438,1.3578073925065735,1.3578073925065735,0.45260246416885774,0.0,0.45260246416885774,2.9419160170975753,4.752325873773007,3.8471209454352913,4.0,6.0
J. Medina,JRU,15.3770833333375,4.633518493427819,11.461861536374078,40.4255319149,3.9019103102550057,9.754775775637514,40.0,0.7316081831728136,1.707085760736565,42.8571428571,1.707085760736565,3.41417152147313,50.0,11.705730930765018,1.2193469719546892,3.1703021270821923,4.389649099036881,2.6825633383003162,2.1948245495184406,1.2193469719546892,0.9754775775637514,2.1948245495184406,3.1703021270821923,2.9264327326912545,-2.9264327326912545,2.0,8.0
M. Oli,CSB,9.65555555555,3.883774453396941,10.356731875725178,37.5,1.5535097813587766,2.8481012658244236,54.5454545455,2.330264672038165,7.508630609900754,31.0344827586,1.5535097813587766,2.071346375145035,75.0,11.651323360190824,2.5891829689312944,1.812428078251906,4.4016110471832,1.5535097813587766,0.5178365937862588,0.5178365937862588,0.0,0.5178365937862588,5.437284234755718,1.812428078251906,7.767548906793882,10.0,12.0
R. Ondoa,CSB,9.034722222225,5.257494235202073,9.131437355877285,57.5757575758,4.980784012296701,8.30130668716117,60.0,0.2767102229053723,0.8301306687161167,33.3333333333,0.8301306687161167,1.936971560337606,42.8571428571,11.621829362025636,3.320522674864467,3.873943120675212,7.194465795539679,0.2767102229053723,2.4903920061483507,0.8301306687161167,0.8301306687161167,1.6602613374322335,3.043812451959095,1.3835511145268613,15.495772482700849,11.0,12.0
D. Garcia,JRU,6.71999999998,5.357142857158801,12.500000000037202,42.8571428571,5.357142857158801,9.821428571457801,54.5454545455,0.0,2.6785714285794007,0.0,0.8928571428598001,1.7857142857196002,50.0,11.6071428571774,0.8928571428598001,3.5714285714392005,4.464285714299001,0.8928571428598001,3.5714285714392005,3.5714285714392005,0.8928571428598001,4.464285714299001,5.357142857158801,1.7857142857196002,2.6785714285794007,1.0,5.0
D. Ednilag,EAC,5.170833333325,4.351329572932073,4.351329572932073,100.0,4.351329572932073,4.351329572932073,100.0,0.0,0.0,0.0,2.9008863819547157,8.702659145864146,33.3333333333,11.603545527818863,4.351329572932073,4.351329572932073,8.702659145864146,0.0,2.9008863819547157,1.4504431909773579,1.4504431909773579,2.9008863819547157,11.603545527818863,7.252215954886789,2.9008863819547157,1.0,4.0
J. Payosing,SBU,18.676190476192858,4.474757776643999,11.129525752165843,40.206185567,3.9010708822024602,8.031616522181535,48.5714285714,0.5736868944415383,3.0979092299843067,18.5185185185,2.065272819989538,3.9010708822024602,52.9411764706,11.588475267719073,2.4094849566544605,6.081081081080305,8.490566037734766,2.4094849566544605,1.8357980622129224,0.8031616522181536,0.4589495155532306,1.2621111677713843,2.638959714431076,2.8684344722076913,2.2947475777661532,9.0,14.0
J. Daileg,LPU,17.26428571427857,3.971865949525847,10.053785684737301,39.5061728395,2.234174596608289,4.716590815061943,47.3684210526,1.7376913529175582,5.337194869675357,32.5581395349,1.8618121638402407,2.6065370293763372,71.4285714286,11.543235415809493,1.4894497310721926,5.337194869675357,6.826644600747549,1.241208109226827,0.7447248655360963,0.4964832436907309,0.37236243276804815,0.8688456764587791,2.234174596608289,2.482416218453654,5.088953247829991,6.0,14.0
N. Moralejo,LPU,8.497435897423077,3.8020519010316867,8.14725407363933,46.6666666667,2.444176222091799,4.345202172607642,56.25,1.3578756789398883,3.8020519010316867,35.7142857143,2.444176222091799,3.2589016294557314,75.0,11.40615570309506,0.8147254073639328,2.444176222091799,3.2589016294557314,2.172601086303821,1.6294508147278657,1.3578756789398883,0.0,1.3578756789398883,2.172601086303821,3.530476765243709,-1.0863005431519106,5.0,13.0
T. Abdullah,MU,4.1357142857,4.145077720221572,6.217616580332358,66.6666666667,2.072538860110786,3.108808290166179,66.6666666667,2.072538860110786,3.108808290166179,66.6666666667,1.036269430055393,2.072538860110786,50.0,11.398963730609323,0.0,2.072538860110786,2.072538860110786,2.072538860110786,3.108808290166179,4.145077720221572,0.0,4.145077720221572,3.108808290166179,3.108808290166179,5.181347150276965,6.0,7.0
R. Bernardo,JRU,14.198148148144446,3.7563584192001445,9.62566844920037,39.0243902439,2.8172688144001086,5.634537628800217,50.0,0.9390896048000361,3.9911308204001537,23.5294117647,2.8172688144001086,3.7563584192001445,75.0,11.269075257600434,0.9390896048000361,3.0520412156001178,3.9911308204001537,1.8781792096000722,3.0520412156001178,1.4086344072000543,0.0,1.4086344072000543,4.93022042520019,3.286813616800127,8.451806443200326,3.0,9.0
V. Cuajao,CSJL,32.85111111112,3.8354867077037587,10.288845295268812,37.2781065089,1.3393763106267091,1.8264222417636944,73.3333333333,2.496110397077049,8.462423053505116,29.4964028777,1.0349726036660933,1.4002570520188322,73.9130434783,11.202056416150658,0.24352296556849257,1.5220185348030788,1.7655415003715713,1.2176148278424628,0.6696881553133546,0.7914496380976009,0.24352296556849257,1.0349726036660933,1.643780017587325,1.4002570520188322,-2.2525874315085566,7.0,15.0
J. Jabonete,MU,13.625641025646154,5.080918328940504,12.194203989457208,41.6666666667,4.572826496046453,9.145652992092906,50.0,0.5080918328940505,3.048550997364302,16.6666666667,0.5080918328940505,2.540459164470252,20.0,11.17802032366911,2.540459164470252,7.282649604814722,9.823108769284975,1.016183665788101,1.1855476100861178,1.016183665788101,0.8468197214900839,1.8630033872781846,3.726006774556369,3.048550997364302,-0.6774557771920673,10.0,13.0
J. Jumao-as,CSJL,8.915384615384616,4.141501294219155,11.647972389991372,35.5555555556,3.3649698015530625,7.765314926660913,43.3333333333,0.7765314926660914,3.8826574633304567,20.0,2.0707506471095773,3.106125970664366,66.6666666667,11.130284728213978,0.7765314926660914,4.141501294219155,4.918032786885245,1.553062985332183,2.0707506471095773,1.0353753235547887,0.25884383088869717,1.2942191544434856,3.3649698015530625,2.3295944779982745,-2.0707506471095773,7.0,13.0
J. Lozano,JRU,12.370370370355555,4.311377245514145,13.20359281438707,32.6530612245,3.502994011980243,7.544910179649754,46.4285714286,0.8083832335339023,5.658682634737316,14.2857142857,1.3473053892231703,2.1556886227570726,62.5,10.778443113785363,1.0778443113785363,4.041916167669511,5.119760479048048,3.233532934135609,1.6167664670678046,0.2694610778446341,0.2694610778446341,0.5389221556892682,2.4251497006017066,2.4251497006017066,-7.27544910180512,3.0,9.0
J. Eusebio,CSB,12.138095238107143,3.8838760298118045,11.475088269898514,33.8461538462,2.2950176539797025,4.413495488422505,52.0,1.588858375832102,7.061592781476008,22.5,1.4123185562952019,3.7073362102749043,38.0952380952,10.768928991750911,2.471557473516603,7.591212240086708,10.062769713603313,1.9419380149059022,1.2357787367583015,0.7061592781476009,0.882699097684501,1.588858375832102,2.8246371125904037,2.8246371125904037,13.417026284804416,12.0,14.0
J. Bancale,MU,13.626923076923077,3.8950042337002535,9.483488569009314,41.0714285714,2.7095681625740897,5.75783234546994,47.0588235294,1.1854360711261642,3.7256562235393735,31.8181818182,1.6934801016088061,2.201524132091448,76.9230769231,10.66892464013548,2.3708721422523285,2.87891617273497,5.249788314987298,3.3869602032176123,2.3708721422523285,1.1854360711261642,0.0,1.1854360711261642,4.064352243861134,2.3708721422523285,1.8628281117696868,10.0,13.0
K. Flores,AU,7.409999999999999,4.8582995951417,14.574898785425102,33.3333333333,4.048582995951417,9.7165991902834,41.6666666667,0.8097165991902835,4.8582995951417,16.6666666667,0.0,0.8097165991902835,0.0,10.526315789473685,1.619433198380567,0.8097165991902835,2.42914979757085,0.8097165991902835,1.619433198380567,0.8097165991902835,0.8097165991902835,1.619433198380567,4.8582995951417,0.8097165991902835,-14.574898785425102,2.0,5.0
A. Lucero,EAC,12.29487179486923,3.3785192909287547,15.015641293016689,22.5,3.3785192909287547,12.763295099064184,26.4705882353,0.0,2.252346193952503,0.0,3.753910323254172,5.443169968718549,68.9655172414,10.51094890511168,0.7507820646508343,3.190823774766046,3.9416058394168805,8.258602711159178,5.443169968718549,1.5015641293016686,0.18769551616270858,1.6892596454643773,6.757038581857509,5.0677789363931325,-7.695516162671051,7.0,13.0
L. Mangubat,MU,27.014285714285712,3.4902168164992067,10.787942887361185,32.3529411765,1.110523532522475,3.172924378635643,35.0,2.379693283976732,7.615018508725543,31.25,1.0312004230565839,1.5071390798519304,68.4210526316,10.39132734003173,1.348492860920148,3.014278159703861,4.362771020624009,2.141723955579059,1.7451084082496033,1.0312004230565839,0.0,1.0312004230565839,2.379693283976732,1.9830777366472765,5.7112638815441565,11.0,14.0
K. Santos,CSJL,24.27380952380714,3.7959784207948797,8.563021088769846,44.3298969072,3.6194212849439547,7.7685139774406835,46.5909090909,0.1765571358509246,0.7945071113291607,22.2222222222,2.29524276606202,2.9131927415402563,78.7878787879,10.063756743502704,2.206964198136558,5.914664051005975,8.121628249142532,1.412457086807397,2.560078469838407,0.7062285434036984,2.824914173614794,3.5311427170184926,1.677292790583784,2.9131927415402563,0.264835703776387,7.0,14.0
J. Abis,UPHSD,26.263333333326667,4.340652367052758,10.965858611501705,39.5833333333,3.88374159157352,9.062063713671549,42.8571428571,0.4569107754792377,1.9037948978301573,24.0,0.9138215509584754,1.7514913060037445,52.1739130435,10.05203706054323,2.2845538773961884,3.3506790201810768,5.635232897577265,2.7414646528754263,2.208402081482982,0.9138215509584754,0.4569107754792377,1.3707323264377131,1.7514913060037445,2.0560984896565695,-0.533062571392444,6.0,15.0
E. Pizarro,UPHSD,13.285714285721427,4.19354838709452,8.22580645160848,50.9803921569,4.19354838709452,8.22580645160848,50.9803921569,0.0,0.0,0.0,1.6129032258055847,3.3870967741917277,47.619047619,9.999999999994623,3.2258064516111693,3.7096774193528446,6.935483870964013,2.9032258064500525,2.9032258064500525,2.580645161288935,0.8064516129027923,3.3870967741917277,5.806451612900105,3.7096774193528446,2.7419354838694936,6.0,14.0
J. Boral,UPHSD,23.037777777779997,3.21211536606509,11.19899681682153,28.6821705426,2.17034822031425,6.85830037619303,31.6455696203,1.0417671457508402,4.3406964406285,24.0,2.5176039355645305,3.7329989389405105,67.4418604651,9.983601813445551,2.2571621491268203,4.86158001350392,7.11874216263074,2.0835342915016803,1.5626507186262601,0.7813253593131301,0.34725571525028004,1.1285810745634102,2.2571621491268203,3.4725571525028003,-6.16378894569247,6.0,15.0
J. Hernal,AU,16.530769230776922,3.2107957189375473,8.236389018144143,38.9830508475,3.2107957189375473,7.398790134943044,43.3962264151,0.0,0.8375988832010993,0.0,3.4899953466712472,6.421591437875095,54.347826087,9.911586784546342,4.327594229872346,4.746393671472896,9.073987901345243,2.373196835736448,1.5355979525353487,1.9543973941358985,1.395998138668499,3.3503955328043973,4.327594229872346,4.746393671472896,0.6979990693342495,5.0,13.0
Y. Camay,AU,14.302380952378572,3.5958048942905934,7.64108540036751,47.0588235294,2.9965040785754944,5.09405693357834,58.8235294118,0.599300815715099,2.54702846678917,23.5294117647,2.097552855002846,2.9965040785754944,70.0,9.888463459299132,0.8989512235726483,2.247378058931621,3.146329282504269,2.696853670717945,2.397203262860396,1.048776427501423,0.0,1.048776427501423,3.745630098219368,3.296154486433044,0.2996504078575495,5.0,14.0
S. Mosqueda,JRU,7.887878787872728,3.8033038801412244,10.718401844034359,35.4838709677,3.1117940837519105,7.952362658477106,39.1304347826,0.6915097963893134,2.7660391855572537,25.0,1.3830195927786268,2.420284287362597,57.1428571429,9.681137149450388,1.0372646945839703,1.7287744909732836,2.7660391855572537,1.3830195927786268,1.0372646945839703,1.3830195927786268,0.3457548981946567,1.7287744909732836,1.7287744909732836,2.7660391855572537,-5.532078371114507,4.0,11.0
C. Libang,AU,6.912820512830769,4.673590504444105,10.348664688411946,45.1612903226,4.673590504444105,9.681008902062787,48.275862069,0.0,0.6676557863491578,0.0,0.3338278931745789,2.3367952522220525,14.2857142857,9.681008902062787,3.00445103857121,3.3382789317457893,6.342729970316999,1.3353115726983156,1.6691394658728946,2.3367952522220525,0.0,2.3367952522220525,4.673590504444105,3.3382789317457893,-7.010385756666157,5.0,13.0
E. Geronimo,AU,18.857142857142858,4.090909090909091,7.386363636363637,55.384615384599996,3.6363636363636367,6.0227272727272725,60.3773584906,0.4545454545454546,1.3636363636363638,33.3333333333,1.0227272727272727,2.272727272727273,45.0,9.659090909090908,1.1363636363636365,1.8181818181818183,2.9545454545454546,2.6136363636363638,2.3863636363636362,0.5681818181818182,0.34090909090909094,0.9090909090909092,1.4772727272727273,1.7045454545454546,-1.0227272727272727,5.0,14.0
C. Cruz,SSCR,4.880952380942857,3.5121951219580727,8.78048780489518,40.0,1.7560975609790364,4.39024390244759,40.0,1.7560975609790364,4.39024390244759,40.0,0.8780487804895182,1.7560975609790364,50.0,9.658536585384699,1.7560975609790364,2.6341463414685546,4.39024390244759,0.0,0.0,0.0,0.0,0.0,5.268292682937109,1.7560975609790364,0.8780487804895182,2.0,7.0
J. Pangilinan,JRU,13.109523809521429,2.942244823829085,11.932437341084624,24.6575342466,0.980748274609695,4.413367235743627,22.2222222222,1.96149654921939,7.519070105340996,26.0869565217,1.7980385034511075,2.7787867780608027,64.7058823529,9.644024700328668,1.4711224119145425,2.451870686524238,3.92299309843878,2.1249545949876723,3.759535052670498,1.4711224119145425,0.16345804576828252,1.6345804576828251,1.96149654921939,2.1249545949876723,-10.134398837633515,4.0,14.0
S. Penafiel,LPU,14.25714285715,3.607214428855908,9.619238476949088,37.5,3.4569138276535782,7.364729458914145,46.9387755102,0.1503006012023295,2.2545090180349425,6.6666666667,2.2545090180349425,3.3066132264512493,68.1818181818,9.619238476949088,1.0521042084163066,1.3527054108209655,2.404809619237272,2.104208416832613,0.901803607213977,0.601202404809318,0.1503006012023295,0.7515030060116475,2.5551102204396017,2.104208416832613,-8.717434869735111,6.0,14.0
K. Ochavo,EAC,15.408333333335715,2.503283628215637,8.900564011433376,28.125,1.2516418141078185,4.867495943752628,25.7142857143,1.2516418141078185,4.033068067680749,31.0344827586,3.3377115042875163,4.867495943752628,68.5714285714,9.595920574826609,3.059568878930223,2.6423549408942835,5.701923819824507,7.648922197325559,2.6423549408942835,1.946998377501051,0.0,1.946998377501051,2.6423549408942835,5.284709881788567,9.734991887505256,7.0,14.0
J. Recto,MU,20.960416666675,3.757081801012322,8.945432859553149,42.0,3.2203558294391335,6.440711658878267,50.0,0.5367259715731889,2.5047212006748816,21.4285714286,1.4312692575285038,2.3258125434838184,61.5384615385,9.482158831126338,2.1469038862927556,6.440711658878267,8.587615545171023,3.5781731438212594,4.114899115394449,2.1469038862927556,0.8945432859553148,3.0414471722480707,4.651625086967637,2.5047212006748816,-4.114899115394449,6.0,8.0
Y. Concepcion,MU,15.4369047619,3.4703478059700688,7.218323436417743,48.0769230769,3.331533893731266,6.52425387522373,51.0638297872,0.13881391223880277,0.6940695611940138,20.0,2.359836508059647,3.6091617182088713,65.3846153846,9.439346032238587,4.858486928358096,4.4420451916416885,9.300532119999785,0.9716973856716192,1.665766946865633,1.3881391223880275,0.9716973856716192,2.359836508059647,4.4420451916416885,2.4986504202984494,0.5552556489552111,11.0,14.0
I. Montemayor,UPHSD,9.11444444444,2.8526148969902976,7.021821284899195,40.625,1.097159575765499,2.413751066684098,45.4545454545,1.7554553212247987,4.608070218215096,38.0952380952,1.7554553212247987,1.9748872363778982,88.8888888889,9.216140436430193,0.8777276606123994,3.0720468121433977,3.9497744727557964,1.5360234060716988,1.7554553212247987,0.8777276606123994,0.0,0.8777276606123994,3.9497744727557964,1.7554553212247987,-8.118980860664694,6.0,15.0
S. Orgo,UPHSD,28.406944444441667,3.0802327286953584,8.712658289738298,35.3535353535,1.672126338434623,3.8722925732170217,43.1818181818,1.4081063902607351,4.840365716521276,29.0909090909,1.496113039652031,2.0241529359998065,73.9130434783,9.064684887303484,0.9680731433042554,4.136312521390909,5.104385664695164,3.6962792744344295,2.7282061311301744,1.584119689043327,0.0,1.584119689043327,2.0241529359998065,2.552192832347582,1.8481396372172147,5.0,12.0
G. Loristo,EAC,15.65952380952143,3.2841721149465233,5.199939181998662,63.1578947368,2.8736506005782076,4.242055648472593,67.7419354839,0.4105215143683154,0.9578835335260694,42.8571428571,1.9157670670521387,3.5578531245254004,53.8461538462,8.8946328113135,0.9578835335260694,4.652577162840908,5.610460696366976,0.8210430287366308,1.9157670670521387,0.4105215143683154,2.326288581420454,2.7368100957887695,3.968374638893715,3.421012619735962,-0.6842025239471924,7.0,14.0
V. Sarmiento,JRU,9.975,3.508771929824561,8.521303258145362,41.1764705882,3.508771929824561,8.270676691729323,42.4242424242,0.0,0.2506265664160401,0.0,1.7543859649122806,4.010025062656641,43.75,8.771929824561402,3.007518796992481,7.268170426065162,10.275689223057643,3.007518796992481,2.506265664160401,1.2531328320802004,0.7518796992481203,2.0050125313283207,5.263157894736842,3.7593984962406015,-13.032581453634084,4.0,12.0
A. Turco,CSB,6.004166666683333,3.331020124904008,5.412907702969013,61.5384615385,3.331020124904008,5.412907702969013,61.5384615385,0.0,0.0,0.0,2.0818875780650052,3.7473976405170095,55.5555555556,8.743927827873021,2.0818875780650052,4.580152671743011,6.662040249808016,0.832755031226002,0.832755031226002,0.0,2.914642609291007,2.914642609291007,4.1637751561300105,3.331020124904008,-2.498265093678006,10.0,12.0
J. De Leon,AU,4.5749999999833335,2.1857923497347387,5.464480874336847,40.0,1.0928961748673693,2.1857923497347387,50.0,1.0928961748673693,3.2786885246021082,33.3333333333,3.2786885246021082,4.371584699469477,75.0,8.743169398938955,1.0928961748673693,2.1857923497347387,3.2786885246021082,5.464480874336847,2.1857923497347387,3.2786885246021082,0.0,3.2786885246021082,3.2786885246021082,4.371584699469477,1.0928961748673693,1.0,6.0
J. Bonzalida,SBU,5.166666666675,3.629032258058663,10.161290322564255,35.7142857143,2.1774193548351977,3.629032258058663,60.0,1.4516129032234653,6.532258064505593,22.2222222222,0.0,0.0,0.0,8.70967741934079,2.1774193548351977,5.080645161282128,7.258064516117326,1.4516129032234653,0.7258064516117326,0.7258064516117326,0.7258064516117326,1.4516129032234653,6.532258064505593,2.1774193548351977,-3.629032258058663,6.0,8.0
E. Galoy,CSJL,5.744444444433333,1.7408123791136187,8.704061895568094,20.0,1.7408123791136187,5.222437137340856,33.3333333333,0.0,3.4816247582272375,0.0,5.222437137340856,6.963249516454475,75.0,8.704061895568094,1.7408123791136187,0.0,1.7408123791136187,5.222437137340856,1.7408123791136187,3.4816247582272375,0.0,3.4816247582272375,3.4816247582272375,8.704061895568094,-34.816247582272375,2.0,3.0
I. Culdora,SBU,3.4625,4.332129963898917,10.830324909747294,40.0,4.332129963898917,8.664259927797834,50.0,0.0,2.1660649819494586,0.0,0.0,4.332129963898917,0.0,8.664259927797834,4.332129963898917,0.0,4.332129963898917,0.0,2.1660649819494586,0.0,2.1660649819494586,2.1660649819494586,4.332129963898917,4.332129963898917,-2.1660649819494586,4.0,4.0
W. Miller,AU,8.833333333338462,3.657474600868704,9.927431059500767,36.8421052632,3.1349782293160318,8.098693759066416,38.7096774194,0.522496371552672,1.828737300434352,28.5714285714,0.7837445573290079,1.3062409288816799,60.0,8.621190130619087,2.089985486210688,3.657474600868704,5.747460087079391,1.044992743105344,1.5674891146580159,1.3062409288816799,0.0,1.3062409288816799,1.5674891146580159,2.351233671987024,-0.522496371552672,4.0,13.0
F. Chuidian,SSCR,1.7416666667,0.0,0.0,0.0,0.0,0.0,0.0,0.0,0.0,0.0,8.612440191222728,17.224880382445455,50.0,8.612440191222728,0.0,0.0,0.0,0.0,8.612440191222728,0.0,0.0,0.0,0.0,0.0,25.837320573668183,1.0,2.0
M. Jacob,EAC,14.545833333325,3.3514752220013473,5.929533085079306,56.5217391304,3.3514752220013473,5.929533085079306,56.5217391304,0.0,0.0,0.0,1.8046405041545717,4.124892580924735,43.75,8.507590948157265,1.5468347178467756,4.382698367232531,5.929533085079306,0.7734173589233878,0.7734173589233878,1.2890289315389798,0.0,1.2890289315389798,1.8046405041545717,4.124892580924735,13.921512460620981,5.0,8.0
P. Estacio,SBU,16.638095238092856,2.9622209502007673,7.72753291356722,38.3333333333,1.2879221522612032,2.7046365197485267,47.619047619,1.6742987979395643,5.022896393818693,33.3333333333,0.7727532913567219,1.8030910131656845,42.8571428571,8.371493989697822,0.5151688609044813,3.2198053806530083,3.7349742415574894,3.606182026331369,1.931883228391805,0.6439610761306016,0.12879221522612033,0.7727532913567219,2.5758443045224064,1.6742987979395643,11.720091585576949,9.0,14.0
J. Manacho,EAC,4.394444444455555,3.0341340075776637,8.343868520838575,36.3636363636,3.0341340075776637,8.343868520838575,36.3636363636,0.0,0.0,0.0,2.2756005056832476,5.309734513260911,42.8571428571,8.343868520838575,0.7585335018944159,8.343868520838575,9.10240202273299,1.5170670037888319,1.5170670037888319,0.0,0.7585335018944159,0.7585335018944159,2.2756005056832476,4.551201011366495,-8.343868520838575,5.0,9.0
D. Paulo,LPU,5.0600000000000005,3.5573122529644268,10.671936758893281,33.3333333333,2.3715415019762847,5.928853754940711,40.0,1.1857707509881423,4.743083003952569,25.0,0.0,2.3715415019762847,0.0,8.300395256916996,2.3715415019762847,0.0,2.3715415019762847,3.5573122529644268,1.1857707509881423,1.1857707509881423,0.0,1.1857707509881423,4.743083003952569,1.1857707509881423,-9.486166007905139,1.0,5.0
G. Carillo,CSB,4.866666666666666,4.10958904109589,10.273972602739725,40.0,4.10958904109589,8.21917808219178,50.0,0.0,2.054794520547945,0.0,0.0,0.0,0.0,8.21917808219178,4.10958904109589,2.054794520547945,6.164383561643836,2.054794520547945,0.0,0.0,0.0,0.0,2.054794520547945,0.0,-16.43835616438356,3.0,3.0
P. Ramos,JRU,12.085185185177778,2.4823781795908566,8.55041372970184,29.0322580645,2.206558381858539,6.619675145575617,33.3333333333,0.27581979773231735,1.9307385841262217,14.2857142857,2.758197977323174,4.413116763717078,62.5,7.998774134237204,0.8274593931969522,2.206558381858539,3.034017775055491,4.964756359181713,3.3098375727878087,0.8274593931969522,0.27581979773231735,1.1032791909292694,3.3098375727878087,3.585657370520126,-13.239350291151235,2.0,9.0
M. Sangco,CSB,18.340476190464283,3.037777489291859,7.477606127487653,40.625,2.3367519148398914,5.2576918083897555,44.4444444444,0.7010255744519674,2.219914319097897,31.5789473684,1.1683759574199457,2.3367519148398914,50.0,7.944956510455632,1.7525639361299188,5.024016616905767,6.776580553035686,1.635726340387924,1.0515383616779512,1.1683759574199457,0.4673503829679783,1.635726340387924,1.986239127613908,1.402051148903935,5.37452940413175,12.0,14.0
N. Montecillo,CSJL,24.428888888886668,2.7017192759030926,8.923860638589003,30.2752293578,1.0643136541436427,2.7017192759030926,39.3939393939,1.6374056217594501,6.22214136268591,26.3157894737,0.9005730919676976,1.2280542163195876,73.3333333333,7.9414172655333335,0.9005730919676976,3.4385518056948454,4.339124897662543,3.6022923678707905,2.2104975893752576,1.5555353406714776,0.0,1.5555353406714776,2.9473301191670105,1.8830164650233676,0.9005730919676976,7.0,15.0
J. Maliwat,SSCR,9.07666666667,2.9746603011373574,7.601909658462136,39.1304347826,0.9915534337124525,2.9746603011373574,33.3333333333,1.983106867424905,4.627249357324779,42.8571428571,0.0,0.0,0.0,7.93242746969962,0.9915534337124525,2.6441424898998735,3.6356959236123263,3.3051781123748416,0.9915534337124525,0.6610356224749684,0.0,0.6610356224749684,4.957767168562263,1.3220712449499368,-0.9915534337124525,3.0,10.0
L. Velasco,SSCR,19.007692307684614,3.0352084176459067,6.070416835291813,50.0,3.0352084176459067,5.949008498585977,51.0204081633,0.0,0.12140833670583626,0.0,1.6997167138817075,2.306758397410889,73.6842105263,7.77013354917352,3.399433427763415,3.5208417644692513,6.920275192232667,0.7284500202350175,0.7284500202350175,0.8498583569408538,1.335491703764199,2.1853500607050527,3.6422501011750876,2.670983407528398,-0.8498583569408538,4.0,13.0
J. Panelo,LPU,6.323076923076924,2.554744525547445,7.2992700729927,35.0,2.18978102189781,6.204379562043796,35.2941176471,0.36496350364963503,1.094890510948905,33.3333333333,2.18978102189781,3.64963503649635,60.0,7.664233576642335,2.18978102189781,5.474452554744525,7.664233576642335,0.36496350364963503,1.4598540145985401,0.36496350364963503,0.36496350364963503,0.7299270072992701,4.744525547445256,3.284671532846715,-2.18978102189781,6.0,13.0
N. Sevilla,UPHSD,5.895833333325,3.8162544169665242,12.720848056555083,30.0,3.8162544169665242,11.448763250899574,33.3333333333,0.0,1.2720848056555083,0.0,0.0,0.0,0.0,7.6325088339330485,1.2720848056555083,5.088339222622033,6.360424028277541,0.0,3.8162544169665242,1.2720848056555083,0.0,1.2720848056555083,1.2720848056555083,2.5441696113110166,-7.6325088339330485,2.0,4.0
C. Ricio,SSCR,14.989285714292858,3.0021443888477473,8.148677626872457,36.8421052632,2.2873481057887597,4.860614724801114,47.0588235294,0.7147962830589873,3.288062902071342,21.7391304348,0.857755539670785,1.5725518227297726,54.5454545455,7.576840600425267,2.001429592565165,3.716940671906735,5.718370264471899,1.0007147962825824,1.5725518227297726,1.4295925661179747,0.28591851322359496,1.71551107934157,4.860614724801114,1.8584703359533674,-9.006433166543243,4.0,14.0
A. Fermin,MU,3.2515151515,2.5163094128728627,7.548928238618587,33.3333333333,2.5163094128728627,5.032618825745725,50.0,0.0,2.5163094128728627,0.0,2.5163094128728627,3.3550792171638166,75.0,7.548928238618587,0.0,5.032618825745725,5.032618825745725,0.0,0.0,0.0,0.0,0.0,4.1938490214547715,2.5163094128728627,-5.032618825745725,9.0,11.0
K. Doromal,EAC,16.645833333325,2.7033792240313907,13.066332916151723,20.6896551724,1.6520650813525166,7.659574468088941,21.568627451,1.0513141426788741,5.4067584480627815,19.4444444444,1.0513141426788741,2.5531914893629803,41.1764705882,7.50938673342053,0.6007509386736424,3.1539424280366224,3.754693366710265,3.9048811013786753,2.7033792240313907,0.9011264080104636,0.1501877346684106,1.0513141426788741,2.252816020026159,2.1026282853577483,-3.003754693368212,6.0,12.0
K. Caduyac,LPU,5.585416666675,2.0141738157373905,10.07086907868695,20.0,1.342782543824927,1.342782543824927,100.0,0.6713912719124635,8.728086534862024,7.6923076923,2.685565087649854,3.356956359562317,80.0,7.385303991037098,0.6713912719124635,0.6713912719124635,1.342782543824927,0.0,0.0,0.0,0.0,0.0,10.742260350599416,2.0141738157373905,-16.784781797811586,3.0,8.0
J. Nunag,CSJL,14.12777777778,3.1144317734953813,6.653558788831042,46.8085106383,2.831301612268528,5.662603224537056,50.0,0.2831301612268528,0.990955564293985,28.5714285714,0.8493904836805585,1.698780967361117,50.0,7.361384191898174,1.5572158867476906,7.644514353125026,9.201730239872719,0.990955564293985,1.8403460479745435,0.5662603224537056,0.8493904836805585,1.415650806134264,3.96382225717594,1.415650806134264,7.219819111284748,7.0,15.0
A. Gelsano,UPHSD,13.441111111100001,2.8271472265874404,7.291063900146558,38.7755102041,2.6783500041354698,5.059105563366999,52.9411764706,0.14879722245197055,2.231958336779558,6.6666666667,1.4879722245197056,2.5295527816834995,58.8235294118,7.291063900146558,2.231958336779558,4.463916673559116,6.695875010338675,3.273538893943352,2.083161114327588,0.8927833347118234,0.5951888898078822,1.4879722245197056,4.3151194511071465,2.5295527816834995,1.041580557163794,6.0,15.0
J. Lintol,SSCR,4.216666666654546,3.233920229976957,5.821056413958523,55.5555555556,3.233920229976957,5.821056413958523,55.5555555556,0.0,0.0,0.0,0.6467840459953914,1.2935680919907828,50.0,7.114624505949306,2.5871361839815656,1.9403521379861741,4.5274883219677395,0.0,1.9403521379861741,0.0,0.6467840459953914,0.6467840459953914,1.9403521379861741,1.2935680919907828,-9.701760689930872,3.0,11.0
J. Morales,CSB,11.843589743592307,2.338168434725625,9.3526737389025,25.0,0.779389478241875,2.338168434725625,33.3333333333,1.55877895648375,7.014505304176875,22.2222222222,0.779389478241875,1.55877895648375,50.0,7.014505304176875,1.363931586923281,4.481489499890781,5.845421086814063,1.55877895648375,1.1690842173628124,0.5845421086814062,0.19484736956046875,0.779389478241875,2.727863173846562,0.9742368478023438,5.455726347693124,11.0,13.0
C. Ferrer,JRU,4.30166666666,2.789616427745509,7.67144517630015,36.3636363636,2.0922123208091317,6.2766369624273946,33.3333333333,0.6974041069363772,1.3948082138727544,50.0,0.6974041069363772,1.3948082138727544,50.0,6.974041069363772,0.0,2.0922123208091317,2.0922123208091317,1.3948082138727544,0.6974041069363772,0.0,0.0,0.0,4.184424641618263,0.6974041069363772,-9.066253390172903,3.0,10.0
J. Luciano,EAC,13.940476190492857,2.6131511528576787,6.456020495295441,40.4761904762,1.6908625106726154,4.150298889832784,40.7407407407,0.922288642185063,2.3057216054626575,40.0,0.7685738684875526,1.5371477369751052,50.0,6.917164816387973,1.3834329632775946,4.304013663530294,5.687446626807889,1.229718189580084,1.5371477369751052,0.1537147736975105,0.0,0.1537147736975105,2.766865926555189,1.9982920580676367,-12.14346712210333,7.0,14.0
V. Cunanan,LPU,27.241025641015387,2.371987951808122,7.200677710846084,32.9411764706,1.86370481927781,3.3885542168687457,55.0,0.5082831325303119,3.8121234939773383,13.3333333333,1.609563253012654,2.2025602409646847,73.0769230769,6.8618222891592096,0.931852409638905,3.6426957831339015,4.574548192772807,5.675828313255148,1.609563253012654,2.2025602409646847,0.16942771084343727,2.371987951808122,2.371987951808122,2.964984939760152,0.0,6.0,13.0
A. Estacio,AU,3.7904761904857147,2.2613065326576347,6.783919597972904,33.3333333333,2.2613065326576347,6.783919597972904,33.3333333333,0.0,0.0,0.0,2.2613065326576347,4.522613065315269,50.0,6.783919597972904,1.1306532663288174,4.522613065315269,5.653266331644088,0.0,1.1306532663288174,1.1306532663288174,0.0,1.1306532663288174,5.653266331644088,5.653266331644088,-18.090452261261078,1.0,7.0
M. De Leon,JRU,9.808333333335714,1.5293118096852703,6.117247238741081,25.0,1.5293118096852703,6.117247238741081,25.0,0.0,0.0,0.0,3.7140429663785133,5.898774123071757,62.962962963,6.772666585749054,2.8401505037012162,3.7140429663785133,6.5541934700797295,1.310838694015946,1.7477849253545945,1.0923655783466215,0.0,1.0923655783466215,3.2770967350398648,4.369462313386486,-8.520451511103648,4.0,14.0
J. Versoza,LPU,15.970000000019999,3.005635566683775,6.01127113336755,50.0,3.005635566683775,6.01127113336755,50.0,0.0,0.0,0.0,0.7514088916709437,3.005635566683775,25.0,6.762680025038494,3.005635566683775,4.132748904190191,7.138384470873966,0.7514088916709437,2.2542266750128315,0.37570444583547186,1.1271133375064157,1.5028177833418874,4.884157795861134,3.005635566683775,-9.016906700051326,2.0,5.0
J. Bacud,EAC,9.343055555558333,2.9433625687519123,6.154303552844908,47.8260869565,2.675784153410829,5.619146722162742,47.619047619,0.26757841534108295,0.5351568306821659,50.0,0.5351568306821659,1.8730489073875805,28.5714285714,6.689460383527073,4.0136762301162445,5.351568306821658,9.365244536937901,1.0703136613643318,0.8027352460232487,0.8027352460232487,0.26757841534108295,1.0703136613643318,2.4082057380697464,2.1406273227286636,-0.26757841534108295,6.0,12.0
J. Garcia,MU,6.0,1.6666666666666665,12.5,13.3333333333,0.0,0.8333333333333333,0.0,1.6666666666666665,11.666666666666666,14.2857142857,1.6666666666666665,1.6666666666666665,100.0,6.666666666666666,0.8333333333333333,0.8333333333333333,1.6666666666666665,1.6666666666666665,1.6666666666666665,0.0,0.0,0.0,7.5,1.6666666666666665,-20.0,5.0,6.0
E. Tagle,SBU,15.4205128205,1.9454605919537293,7.183239108752231,27.0833333333,0.14965081476567146,1.9454605919537293,7.6923076923,1.7958097771880577,5.237778516798502,34.2857142857,0.7482540738283574,1.0475557033597003,71.4285714286,6.434985034923873,0.2993016295313429,1.1972065181253717,1.4965081476567148,2.0951114067194005,1.1972065181253717,0.7482540738283574,0.0,0.7482540738283574,1.7958097771880577,1.0475557033597003,-1.6461589624223862,8.0,13.0
Ri. Calimag,SBU,7.50333333334,2.39893380719467,7.19680142158401,33.3333333333,1.5992892047964467,2.39893380719467,66.6666666667,0.7996446023982233,4.79786761438934,16.6666666667,0.7996446023982233,3.998223011991117,20.0,6.397156819185787,2.39893380719467,6.397156819185787,8.796090626380458,1.5992892047964467,2.39893380719467,0.0,0.0,0.0,2.39893380719467,3.998223011991117,-29.586850288734265,3.0,5.0
A. Acop,AU,5.383333333325,2.089783281736981,9.055727554193584,23.0769230769,2.089783281736981,6.965944272456604,30.0,0.0,2.089783281736981,0.0,2.089783281736981,2.7863777089826414,75.0,6.269349845210943,3.482972136228302,2.7863777089826414,6.269349845210943,4.876160990719623,0.6965944272456603,2.089783281736981,0.0,2.089783281736981,2.7863777089826414,2.7863777089826414,6.965944272456604,1.0,8.0
A. Manuel,UPHSD,16.12666666666667,2.1083092186854073,8.185200496072756,25.7575757576,1.6122364613476643,4.588673005374122,35.1351351351,0.4960727573377428,3.5965274906986355,13.7931034483,1.4882182720132284,2.356345597354278,63.1578947368,6.200909466721786,0.9921455146754856,4.092600248036378,5.084745762711864,3.100454733360893,2.976436544026457,0.9921455146754856,0.2480363786688714,1.2401818933443571,2.728400165357586,2.1083092186854073,-7.441091360066143,6.0,15.0
N. Agemenyi,MU,5.88166666665,2.55029753471961,8.671011618046673,29.4117647059,2.040238027775688,4.5905355624952975,44.4444444444,0.510059506943922,4.080476055551376,12.5,0.510059506943922,2.040238027775688,25.0,6.120714083327064,3.570416548607454,6.6307735902709855,10.20119013887844,0.510059506943922,1.530178520831766,0.510059506943922,0.0,0.510059506943922,7.65089260415883,2.55029753471961,-16.831963729149425,8.0,10.0
R. Cauguiran,UPHSD,4.93055555555,1.0140845070433961,5.070422535216981,20.0,1.0140845070433961,5.070422535216981,20.0,0.0,0.0,0.0,4.056338028173585,6.084507042260377,66.6666666667,6.084507042260377,4.056338028173585,9.126760563390565,13.18309859156415,1.0140845070433961,3.0422535211301884,3.0422535211301884,1.0140845070433961,4.056338028173585,8.11267605634717,4.056338028173585,-6.084507042260377,2.0,6.0
M. Songcuya,SBU,14.523809523814284,2.3606557377041444,5.311475409834324,44.4444444444,2.3606557377041444,4.868852459014797,48.4848484848,0.0,0.4426229508195271,0.0,1.1803278688520722,2.655737704917162,44.4444444444,5.901639344260361,3.2459016393431983,5.311475409834324,8.557377049177521,1.032786885245563,1.7704918032781083,0.4426229508195271,1.1803278688520722,1.6229508196715992,4.42622950819527,3.2459016393431983,5.901639344260361,9.0,14.0
J. Cajucom,CSB,11.826923076923077,1.9512195121951221,7.219512195121951,27.027027027,1.170731707317073,3.9024390243902443,30.0,0.7804878048780488,3.317073170731707,23.5294117647,1.170731707317073,1.9512195121951221,60.0,5.853658536585366,0.3902439024390244,2.1463414634146343,2.5365853658536586,1.9512195121951221,1.9512195121951221,1.5609756097560976,0.3902439024390244,1.9512195121951221,2.926829268292683,2.5365853658536586,0.3902439024390244,11.0,13.0
J. Celzo,SBU,12.389743589746153,1.6763245033109113,4.842715231787078,34.615384615400004,1.6763245033109113,4.842715231787078,34.615384615400004,0.0,0.0,0.0,2.2350993377478816,4.283940397350106,52.1739130435,5.587748344369705,3.3526490066218226,3.5389072847674794,6.891556291389302,1.3038079470195978,1.6763245033109113,0.5587748344369704,0.5587748344369704,1.1175496688739408,4.65645695364142,3.911423841058793,1.862582781456568,9.0,13.0
K. De Jesus,JRU,6.5981481481555555,2.5259612685910455,7.072691552054928,35.7142857143,2.5259612685910455,7.072691552054928,35.7142857143,0.0,0.0,0.0,0.5051922537182091,3.0311535223092547,16.6666666667,5.5571147909003,1.0103845074364182,4.546730283463883,5.5571147909003,1.5155767611546274,1.5155767611546274,0.0,0.5051922537182091,0.5051922537182091,5.051922537182091,4.041538029745673,3.536345776027464,2.0,9.0
J. Baliling,CSJL,2.7125,1.8433179723502306,13.82488479262673,13.3333333333,0.0,0.0,0.0,1.8433179723502306,13.82488479262673,13.3333333333,0.0,0.0,0.0,5.529953917050691,2.7649769585253456,4.6082949308755765,7.373271889400923,0.9216589861751153,0.0,0.0,0.0,0.0,3.6866359447004613,0.9216589861751153,-11.059907834101383,6.0,12.0
M. Igliane,MU,20.943589743584614,1.6527913809994252,5.619490695398047,29.4117647059,0.9916748285996553,2.754652301665709,36.0,0.6611165523997702,2.8648383937323376,23.0769230769,1.5426052889327972,2.424094025465824,63.6363636364,5.509304603331418,2.3139079333991956,4.958374142998276,7.272282076397472,1.7629774730660537,1.7629774730660537,0.5509304603331419,0.6611165523997702,1.212047012732912,4.07688540646525,2.3139079333991956,7.602840352597358,10.0,13.0
L. Benitez,JRU,10.900000000011111,2.752293577978846,5.810397553510897,47.3684210526,2.752293577978846,5.810397553510897,47.3684210526,0.0,0.0,0.0,0.0,1.2232415902128204,0.0,5.504587155957692,3.363914373085256,5.810397553510897,9.174311926596154,0.9174311926596153,3.363914373085256,0.9174311926596153,2.446483180425641,3.363914373085256,8.868501529042948,3.0581039755320507,-8.256880733936537,3.0,9.0
J. Espiritu,AU,2.3380952380714284,1.8329938900390326,9.164969450195164,20.0,0.0,5.498981670117098,0.0,1.8329938900390326,3.665987780078065,50.0,0.0,0.0,0.0,5.498981670117098,0.0,3.665987780078065,3.665987780078065,5.498981670117098,1.8329938900390326,0.0,0.0,0.0,7.33197556015613,0.0,-47.65784114101485,0.0,7.0
N. Gonzales,SBU,16.46000000001,2.004860267313484,8.019441069253936,25.0,0.7290400972049034,4.009720534626968,18.1818181818,1.2758201701085807,4.009720534626968,31.8181818182,0.18226002430122584,0.3645200486024517,50.0,5.467800729036775,1.0935601458073552,3.462940461723291,4.556500607530646,3.462940461723291,2.004860267313484,0.7290400972049034,0.0,0.7290400972049034,3.098420413120839,1.6403402187110325,-4.556500607530646,6.0,10.0
G. Aviles,LPU,19.761904761907143,2.277108433734665,6.2891566265052665,36.2068965517,2.1686746987949195,5.855421686746283,37.037037037,0.10843373493974598,0.4337349397589839,25.0,0.7590361445782218,1.8433734939756816,41.1764705882,5.421686746987299,1.9518072289154278,5.204819277107807,7.156626506023234,1.1927710843372057,0.7590361445782218,0.3253012048192379,0.4337349397589839,0.7590361445782218,3.6867469879513632,2.6024096385539033,0.6506024096384758,6.0,14.0
A. Royo,SBU,10.696153846161538,2.1574973031268194,6.68824163969314,32.2580645161,1.5102481121887736,3.667745415315593,41.1764705882,0.6472491909380458,3.0204962243775473,21.4285714286,0.4314994606253639,1.5102481121887736,28.5714285714,5.393743257817048,0.8629989212507277,1.9417475728141373,2.804746494064865,3.0204962243775473,2.1574973031268194,1.2944983818760916,0.21574973031268194,1.5102481121887736,2.1574973031268194,2.804746494064865,3.2362459546902294,8.0,13.0
L. Pallingayan,LPU,3.1148148148222226,2.140309155761854,3.2104637336427815,66.6666666667,2.140309155761854,3.2104637336427815,66.6666666667,0.0,0.0,0.0,1.070154577880927,2.140309155761854,50.0,5.350772889404635,1.070154577880927,3.2104637336427815,4.280618311523708,5.350772889404635,4.280618311523708,1.070154577880927,0.0,1.070154577880927,4.280618311523708,1.070154577880927,-12.841854934571126,4.0,9.0
O. Gordon,LPU,6.640909090918182,1.642710472277012,9.034907597523567,18.1818181818,0.821355236138506,5.338809034900289,15.3846153846,0.821355236138506,3.6960985626232774,22.2222222222,1.232032854207759,2.464065708415518,50.0,5.338809034900289,0.821355236138506,4.10677618069253,4.928131416831036,1.232032854207759,2.053388090346265,1.642710472277012,0.0,1.642710472277012,4.928131416831036,2.8747433264847713,-7.392197125246555,5.0,11.0
C. Dimaano,CSJL,14.248611111116666,1.5791012769269601,4.386392435908223,36.0,1.4036455794906313,3.3336582512902493,42.1052631579,0.1754556974363289,1.0527341846179734,16.6666666667,1.9300126717996178,3.3336582512902493,57.8947368421,5.263670923089867,1.9300126717996178,4.561848133344552,6.491860805144169,1.2281898820543025,1.4036455794906313,0.1754556974363289,0.1754556974363289,0.3509113948726578,5.4391266205261966,2.6318354615449335,-5.4391266205261966,6.0,12.0
B. Angeles,EAC,4.742424242427273,2.300319488816421,3.450479233224632,66.6666666667,1.725239616612316,1.725239616612316,100.0,0.5750798722041053,1.725239616612316,33.3333333333,0.0,1.1501597444082106,0.0,5.175718849836948,1.1501597444082106,5.750798722041053,6.900958466449264,3.450479233224632,2.8753993610205266,0.0,0.0,0.0,5.175718849836948,1.1501597444082106,-17.252396166123162,6.0,11.0
J. Dela Cruz,AU,2.3333333333399997,2.5714285714212246,10.285714285684898,25.0,2.5714285714212246,10.285714285684898,25.0,0.0,0.0,0.0,0.0,2.5714285714212246,0.0,5.142857142842449,0.0,2.5714285714212246,2.5714285714212246,2.5714285714212246,2.5714285714212246,0.0,0.0,0.0,5.142857142842449,2.5714285714212246,-35.99999999989715,2.0,5.0
J. Nunez,UPHSD,24.230000000013334,1.7333883615343328,5.035080478742586,34.4262295082,1.7333883615343328,4.787453569951967,36.2068965517,0.0,0.247626908790619,0.0,1.6508460586041265,2.971522905487428,55.5555555556,5.117622781672792,2.3937267849759833,3.8794882377196975,6.27321502269568,1.3206768468833012,1.3206768468833012,0.4127115146510316,0.9079653322322696,1.3206768468833012,3.3842344201384593,3.13660751134784,-0.16508460586041265,6.0,15.0
A. Borromeo,AU,17.285714285714285,2.355371900826446,6.074380165289256,38.7755102041,2.355371900826446,5.454545454545455,43.1818181818,0.0,0.6198347107438017,0.0,0.371900826446281,1.3636363636363638,27.2727272727,5.082644628099173,1.7355371900826446,3.71900826446281,5.454545454545455,3.2231404958677685,0.9917355371900827,1.859504132231405,0.0,1.859504132231405,3.4710743801652892,1.859504132231405,-0.9917355371900827,5.0,14.0
E. Ryan,MU,6.9378787878727275,1.5723957195908036,4.324088228874709,36.3636363636,1.5723957195908036,3.9309892989770088,40.0,0.0,0.3930989298977009,0.0,1.5723957195908036,5.503385018567813,28.5714285714,4.717187158772411,3.537890369079308,3.144791439181607,6.682681808260916,1.1792967896931028,0.0,0.3930989298977009,1.1792967896931028,1.5723957195908036,6.289582878363214,3.9309892989770088,-0.3930989298977009,8.0,11.0
R. Movida,UPHSD,2.5533333333400003,2.3498694516909926,4.699738903381985,50.0,2.3498694516909926,2.3498694516909926,100.0,0.0,2.3498694516909926,0.0,0.0,0.0,0.0,4.699738903381985,0.0,0.0,0.0,4.699738903381985,0.0,0.0,0.0,0.0,0.0,0.0,-2.3498694516909926,2.0,5.0
K. Tagotongan,CSJL,5.3249999999833335,1.8779342723063472,6.572769953072215,28.5714285714,0.9389671361531736,1.8779342723063472,50.0,0.9389671361531736,4.694835680765868,20.0,0.0,0.0,0.0,4.694835680765868,0.0,3.7558685446126945,3.7558685446126945,1.8779342723063472,3.7558685446126945,0.0,0.0,0.0,7.511737089225389,1.8779342723063472,-24.413145539982512,3.0,6.0
V. Suico,SSCR,9.234722222233334,1.3535870055631178,6.497217626702966,20.8333333333,0.5414348022252471,2.7071740111262357,20.0,0.8121522033378707,3.79004361557673,21.4285714286,1.0828696044504942,2.1657392089009884,50.0,4.602195818914601,1.0828696044504942,2.4364566100136122,3.5193262144641064,0.5414348022252471,1.6243044066757415,1.0828696044504942,0.0,1.0828696044504942,6.767935027815589,1.6243044066757415,-9.204391637829202,4.0,12.0
I. Panapanaan,JRU,21.23333333332857,1.3119533527699736,4.137699035659147,31.7073170732,1.3119533527699736,3.7340210809606944,35.1351351351,0.0,0.4036779546984534,0.0,1.715631307468427,3.2294236375876273,53.125,4.339538013008374,2.623906705539947,3.6331015922860805,6.257008297826029,2.5229872168653342,1.412872841444587,1.412872841444587,2.1193092621668805,3.5321821036114676,3.5321821036114676,2.5229872168653342,-2.5229872168653342,4.0,14.0
K. Barroga,SSCR,5.218181818172727,1.567944250873812,4.181184668996832,37.5,1.567944250873812,2.6132404181230195,60.0,0.0,1.567944250873812,0.0,1.045296167249208,1.567944250873812,66.6666666667,4.181184668996832,3.658536585372228,3.135888501747624,6.794425087119851,1.045296167249208,2.090592334498416,1.045296167249208,0.522648083624604,1.567944250873812,4.181184668996832,1.045296167249208,-21.951219512233365,3.0,11.0
J. Pradella,CSJL,4.3357142857,1.9769357495946522,5.930807248783957,33.3333333333,1.9769357495946522,3.9538714991893045,50.0,0.0,1.9769357495946522,0.0,0.0,3.9538714991893045,0.0,3.9538714991893045,0.9884678747973261,5.930807248783957,6.919275123581283,0.9884678747973261,0.9884678747973261,0.0,0.0,0.0,5.930807248783957,3.9538714991893045,7.907742998378609,4.0,7.0
E. Umpad,EAC,8.3818181818,1.952277657271046,3.904555314542092,50.0,1.952277657271046,3.904555314542092,50.0,0.0,0.0,0.0,0.0,1.3015184381806975,0.0,3.904555314542092,3.2537960954517438,3.2537960954517438,6.5075921909034875,0.6507592190903487,3.904555314542092,0.0,1.3015184381806975,1.3015184381806975,4.5553145336324405,2.9284164859065696,-10.737527114990755,4.0,11.0
Z. Jalbuena,SBU,5.838888888883333,1.7126546146543413,6.850618458617365,25.0,1.7126546146543413,5.137963843963023,33.3333333333,0.0,1.7126546146543413,0.0,0.0,3.4253092293086826,0.0,3.4253092293086826,1.7126546146543413,3.4253092293086826,5.137963843963023,3.4253092293086826,3.4253092293086826,0.8563273073271707,0.8563273073271707,1.7126546146543413,5.994291151290195,3.4253092293086826,1.7126546146543413,3.0,6.0
C. Delfino,CSJL,8.056060606054546,1.354147075419488,7.447808914807183,18.1818181818,1.354147075419488,4.739514763968208,28.5714285714,0.0,2.708294150838976,0.0,0.677073537709744,1.354147075419488,50.0,3.3853676885487194,1.6926838442743597,1.6926838442743597,3.3853676885487194,3.0468309196938477,2.0312206131292316,1.6926838442743597,0.677073537709744,2.369757381984104,5.755125070532824,2.708294150838976,-2.708294150838976,5.0,11.0
M. Pascual,SSCR,11.134523809521427,1.154709718807047,4.426387255427014,26.0869565217,0.38490323960234896,0.9622580990058724,40.0,0.7698064792046979,3.4641291564211407,22.2222222222,0.0,0.0,0.0,3.0792259168187917,0.0,1.5396129584093958,1.5396129584093958,2.309419437614094,0.5773548594035235,0.19245161980117448,0.19245161980117448,0.38490323960234896,2.1169678178129194,0.38490323960234896,-8.467871271251678,4.0,14.0
R. Postanes,EAC,3.0375,0.0,2.4691358024691357,0.0,0.0,2.4691358024691357,0.0,0.0,0.0,0.0,2.4691358024691357,9.876543209876543,25.0,2.4691358024691357,2.4691358024691357,2.4691358024691357,4.938271604938271,0.0,2.4691358024691357,2.4691358024691357,0.0,2.4691358024691357,2.4691358024691357,4.938271604938271,-24.691358024691358,0.0,4.0
R. Samontes,JRU,5.931481481466666,0.5619731501731177,6.7436778020774115,8.3333333333,0.0,0.5619731501731177,0.0,0.5619731501731177,6.181704651904294,9.0909090909,0.0,0.0,0.0,1.6859194505193529,0.5619731501731177,1.6859194505193529,2.2478926006924707,4.495785201384941,2.809865750865588,2.2478926006924707,0.0,2.2478926006924707,1.6859194505193529,1.6859194505193529,0.5619731501731177,3.0,9.0
J. Devara,EAC,3.0972222221999997,0.0,3.2286995515926726,0.0,0.0,3.2286995515926726,0.0,0.0,0.0,0.0,1.6143497757963363,3.2286995515926726,50.0,1.6143497757963363,0.0,3.2286995515926726,3.2286995515926726,1.6143497757963363,1.6143497757963363,8.07174887898168,0.0,8.07174887898168,9.686098654778018,3.2286995515926726,-16.14349775796336,2.0,6.0
R. Danag,UPHSD,0.9333333333,0.0,0.0,0.0,0.0,0.0,0.0,0.0,0.0,0.0,0.0,0.0,0.0,0.0,0.0,0.0,0.0,0.0,0.0,0.0,0.0,0.0,0.0,0.0,0.0,1.0,1.0
B. Manuel,UPHSD,3.6166666667,0.0,16.58986175099917,0.0,0.0,0.0,0.0,0.0,16.58986175099917,0.0,0.0,0.0,0.0,0.0,0.0,0.0,0.0,0.0,0.0,0.0,0.0,0.0,0.0,0.0,0.0,0.0,1.0
B. Rosalin,AU,1.7444444444333334,0.0,0.0,0.0,0.0,0.0,0.0,0.0,0.0,0.0,0.0,0.0,0.0,0.0,0.0,5.732484076469634,5.732484076469634,5.732484076469634,0.0,0.0,0.0,0.0,5.732484076469634,0.0,-68.78980891763561,2.0,3.0
D. Colian,LPU,1.5166666667,0.0,0.0,0.0,0.0,0.0,0.0,0.0,0.0,0.0,0.0,0.0,0.0,0.0,0.0,0.0,0.0,0.0,0.0,0.0,0.0,0.0,19.78021977978505,0.0,-197.8021977978505,1.0,1.0
A. Javier,UPHSD,2.3111111111000002,0.0,4.326923076943879,0.0,0.0,4.326923076943879,0.0,0.0,0.0,0.0,0.0,0.0,0.0,0.0,0.0,4.326923076943879,4.326923076943879,8.653846153887757,8.653846153887757,4.326923076943879,0.0,4.326923076943879,4.326923076943879,4.326923076943879,8.653846153887757,1.0,3.0
J. Thompson,UPHSD,1.25,0.0,12.0,0.0,0.0,12.0,0.0,0.0,0.0,0.0,0.0,0.0,0.0,0.0,0.0,0.0,0.0,0.0,0.0,0.0,0.0,0.0,0.0,0.0,-24.0,0.0,2.0
A. Pantaleon,MU,1.24,0.0,14.516129032258064,0.0,0.0,9.67741935483871,0.0,0.0,4.838709677419355,0.0,0.0,0.0,0.0,0.0,0.0,0.0,0.0,0.0,4.838709677419355,4.838709677419355,0.0,4.838709677419355,9.67741935483871,0.0,-24.193548387096772,5.0,5.0
J. Arciaga,CSB,3.50833333335,0.0,0.0,0.0,0.0,0.0,0.0,0.0,0.0,0.0,0.0,0.0,0.0,0.0,0.0,8.55106888356983,8.55106888356983,0.0,0.0,0.0,0.0,0.0,8.55106888356983,4.275534441784915,-12.826603325354743,2.0,2.0
M. Sarza,CSJL,3.2166666667,0.0,9.326424870369673,0.0,0.0,9.326424870369673,0.0,0.0,0.0,0.0,0.0,9.326424870369673,0.0,0.0,4.663212435184836,9.326424870369673,13.989637305554512,0.0,4.663212435184836,0.0,0.0,0.0,4.663212435184836,9.326424870369673,-37.30569948147869,1.0,2.0
J. Tagala,SBU,4.05833333335,0.0,1.8480492813065788,0.0,0.0,0.0,0.0,0.0,1.8480492813065788,0.0,0.0,0.0,0.0,0.0,0.0,5.5441478439197365,5.5441478439197365,0.0,0.0,1.8480492813065788,0.0,1.8480492813065788,0.0,0.0,-18.480492813065787,3.0,4.0
A. Sollano,SBU,1.6277777777666669,0.0,0.0,0.0,0.0,0.0,0.0,0.0,0.0,0.0,0.0,0.0,0.0,0.0,0.0,0.0,0.0,0.0,0.0,0.0,0.0,0.0,6.143344709939544,6.143344709939544,-98.29351535903271,2.0,3.0
