,TEAM,MINS,FGM,FGA,FG%,2PM,2PA,2P%,3PM,3PA,3P%,FTM,FTA,FT%,PTS,OFF,DEF,REB,AST,TO,STL,BLK,STK,PF,Fls on:,+/-,GW,GP
A. Acop,AU,30.483333333300003,2.0,8.0,25.0,2.0,5.0,40.0,0.0,3.0,0.0,1.0,2.0,50.0,5.0,3.0,2.0,5.0,4.0,1.0,3.0,0.0,3.0,3.0,2.0,-2.0,0.0,4.0
C. Libang,AU,20.7333333334,3.0,8.0,37.5,3.0,8.0,37.5,0.0,0.0,0.0,0.0,3.0,0.0,6.0,3.0,6.0,9.0,1.0,2.0,2.0,0.0,2.0,5.0,4.0,-3.0,0.0,3.0
J. Capulong,AU,75.39999999999999,14.0,37.0,37.83783783783784,13.0,32.0,40.625,1.0,5.0,20.0,5.0,12.0,41.666666666666664,34.0,4.0,15.0,19.0,5.0,0.0,3.0,4.0,7.0,10.0,13.0,-33.0,0.0,4.0
J. De Leon,AU,18.75,1.0,2.0,50.0,0.0,1.0,0.0,1.0,1.0,100.0,1.0,2.0,50.0,4.0,0.0,2.0,2.0,4.0,1.0,1.0,0.0,1.0,2.0,2.0,7.0,0.0,3.0
J. Dela Cruz,AU,8.0666666667,1.0,3.0,33.333333333333336,1.0,3.0,33.333333333333336,0.0,0.0,0.0,0.0,1.0,0.0,2.0,0.0,1.0,1.0,1.0,1.0,0.0,0.0,0.0,1.0,1.0,-4.0,0.0,2.0
J. Espiritu,AU,8.7166666666,0.0,1.0,0.0,0.0,1.0,0.0,0.0,0.0,0.0,0.0,0.0,0.0,0.0,0.0,1.0,1.0,1.0,1.0,0.0,0.0,0.0,1.0,0.0,-18.0,0.0,4.0
J. Hernal,AU,75.9333333333,8.0,21.0,38.095238095238095,8.0,19.0,42.10526315789474,0.0,2.0,0.0,12.0,21.0,57.142857142857146,28.0,13.0,17.0,30.0,5.0,5.0,6.0,1.0,7.0,8.0,13.0,-11.0,0.0,4.0
K. Vinoya,AU,104.61666666669998,22.0,46.0,47.82608695652174,13.0,29.0,44.827586206896555,9.0,17.0,52.94117647058823,6.0,17.0,35.294117647058826,59.0,3.0,21.0,24.0,4.0,10.0,4.0,1.0,5.0,5.0,10.0,-4.0,0.0,4.0
R. Abiera,AU,43.0333333333,5.0,20.0,25.0,2.0,8.0,25.0,3.0,12.0,25.0,3.0,5.0,60.0,16.0,1.0,3.0,4.0,1.0,0.0,0.0,0.0,0.0,0.0,2.0,-28.0,0.0,3.0
E. Geronimo,AU,54.733333333299996,10.0,12.0,83.33333333333333,9.0,11.0,81.81818181818181,1.0,1.0,100.0,1.0,2.0,50.0,22.0,0.0,2.0,2.0,1.0,3.0,1.0,1.0,2.0,5.0,2.0,21.0,0.0,4.0
A. Estacio,AU,17.2,1.0,4.0,25.0,1.0,4.0,25.0,0.0,0.0,0.0,1.0,2.0,50.0,3.0,1.0,1.0,2.0,0.0,0.0,0.0,0.0,0.0,2.0,1.0,-1.0,0.0,3.0
S. Valencia,AU,110.2,19.0,44.0,43.18181818181818,18.0,34.0,52.94117647058823,1.0,10.0,10.0,5.0,12.0,41.666666666666664,44.0,2.0,14.0,16.0,8.0,9.0,5.0,1.0,6.0,5.0,14.0,-2.0,0.0,4.0
T. Ongotan,AU,93.03333333329999,18.0,49.0,36.734693877551024,18.0,40.0,45.0,0.0,9.0,0.0,3.0,4.0,75.0,39.0,8.0,15.0,23.0,5.0,5.0,7.0,1.0,8.0,6.0,7.0,3.0,0.0,4.0
W. Miller,AU,45.8666666667,7.0,17.0,41.1764705882353,7.0,13.0,53.84615384615385,0.0,4.0,0.0,1.0,1.0,100.0,15.0,1.0,2.0,3.0,1.0,3.0,3.0,0.0,3.0,4.0,5.0,1.0,0.0,4.0
Y. Camay,AU,71.4166666666,10.0,19.0,52.63157894736842,8.0,12.0,66.66666666666667,2.0,7.0,28.571428571428573,1.0,1.0,100.0,23.0,2.0,4.0,6.0,6.0,2.0,5.0,0.0,5.0,9.0,4.0,-11.0,0.0,4.0
A. Borromeo,AU,71.35,6.0,18.0,33.333333333333336,6.0,15.0,40.0,0.0,3.0,0.0,0.0,2.0,0.0,12.0,5.0,13.0,18.0,9.0,6.0,2.0,0.0,2.0,8.0,3.0,-15.0,0.0,4.0
G. Carillo,CSB,3.6333333333,0.0,2.0,0.0,0.0,1.0,0.0,0.0,1.0,0.0,0.0,0.0,0.0,0.0,1.0,0.0,1.0,0.0,0.0,0.0,0.0,0.0,0.0,0.0,2.0,1.0,1.0
G. Cometa,CSB,75.8833333333,17.0,37.0,45.945945945945944,15.0,26.0,57.69230769230769,2.0,11.0,18.181818181818183,4.0,7.0,57.142857142857146,40.0,6.0,5.0,11.0,8.0,6.0,2.0,0.0,2.0,4.0,7.0,36.0,4.0,4.0
I. Torres,CSB,54.4833333333,6.0,20.0,30.0,4.0,7.0,57.142857142857146,2.0,13.0,15.384615384615385,0.0,0.0,0.0,14.0,1.0,3.0,4.0,5.0,4.0,4.0,1.0,5.0,5.0,3.0,9.0,4.0,4.0
J. Ancheta,CSB,79.6166666667,16.0,32.0,50.0,11.0,17.0,64.70588235294117,5.0,15.0,33.333333333333336,5.0,7.0,71.42857142857143,42.0,1.0,7.0,8.0,8.0,8.0,5.0,0.0,5.0,7.0,12.0,45.0,4.0,4.0
J. Cajucom,CSB,35.9499999999,1.0,4.0,25.0,1.0,3.0,33.333333333333336,0.0,1.0,0.0,1.0,2.0,50.0,3.0,2.0,2.0,4.0,3.0,0.0,2.0,0.0,2.0,3.0,5.0,8.0,3.0,3.0
M. Sangco,CSB,76.9333333333,8.0,16.0,50.0,7.0,13.0,53.84615384615385,1.0,3.0,33.333333333333336,0.0,0.0,0.0,17.0,5.0,9.0,14.0,4.0,2.0,4.0,0.0,4.0,6.0,1.0,38.0,4.0,4.0
W. Ynot,CSB,106.0833333334,20.0,49.0,40.816326530612244,13.0,24.0,54.166666666666664,7.0,25.0,28.0,3.0,5.0,60.0,50.0,8.0,19.0,27.0,17.0,12.0,6.0,0.0,6.0,8.0,4.0,64.0,4.0,4.0
J. Eusebio,CSB,46.4333333334,8.0,23.0,34.78260869565217,4.0,10.0,40.0,4.0,13.0,30.76923076923077,2.0,4.0,50.0,22.0,3.0,13.0,16.0,0.0,1.0,1.0,0.0,1.0,9.0,2.0,10.0,4.0,4.0
E. Serrano,CSB,13.5333333334,3.0,4.0,75.0,3.0,4.0,75.0,0.0,0.0,0.0,3.0,3.0,100.0,9.0,3.0,4.0,7.0,0.0,0.0,1.0,2.0,3.0,2.0,2.0,7.0,3.0,3.0
J. Sanchez,CSB,83.10000000000001,12.0,27.0,44.44444444444444,12.0,22.0,54.54545454545455,0.0,5.0,0.0,12.0,18.0,66.66666666666667,36.0,8.0,14.0,22.0,2.0,6.0,3.0,3.0,6.0,9.0,15.0,27.0,4.0,4.0
M. Oli,CSB,21.0,1.0,7.0,14.285714285714286,1.0,2.0,50.0,0.0,5.0,0.0,3.0,4.0,75.0,5.0,3.0,2.0,5.0,0.0,0.0,0.0,0.0,0.0,5.0,3.0,9.0,3.0,3.0
R. Ondoa,CSB,22.7166666667,1.0,4.0,25.0,1.0,4.0,25.0,0.0,0.0,0.0,0.0,0.0,0.0,2.0,2.0,1.0,3.0,0.0,4.0,0.0,0.0,0.0,1.0,0.0,-1.0,3.0,3.0
J. Morales,CSB,43.883333333299994,3.0,13.0,23.076923076923077,0.0,1.0,0.0,3.0,12.0,25.0,1.0,2.0,50.0,10.0,2.0,6.0,8.0,2.0,2.0,1.0,0.0,1.0,7.0,2.0,17.0,4.0,4.0
Z. Jarque,CSB,12.566666666700002,2.0,3.0,66.66666666666667,1.0,1.0,100.0,1.0,2.0,50.0,2.0,2.0,100.0,7.0,2.0,4.0,6.0,0.0,3.0,0.0,1.0,1.0,2.0,1.0,6.0,2.0,2.0
A. Liwag,CSB,128.68333333330003,20.0,45.0,44.44444444444444,20.0,45.0,44.44444444444444,0.0,0.0,0.0,6.0,12.0,50.0,46.0,15.0,41.0,56.0,7.0,7.0,2.0,8.0,10.0,11.0,17.0,64.0,4.0,4.0
A. Turco,CSB,20.116666666700002,0.0,3.0,0.0,0.0,3.0,0.0,0.0,0.0,0.0,0.0,2.0,0.0,0.0,1.0,2.0,3.0,0.0,0.0,0.0,2.0,2.0,1.0,2.0,-6.0,4.0,4.0
K. Monje,CSJL,60.71666666670001,7.0,25.0,28.0,6.0,18.0,33.333333333333336,1.0,7.0,14.285714285714286,11.0,14.0,78.57142857142857,26.0,2.0,7.0,9.0,3.0,7.0,1.0,0.0,1.0,8.0,8.0,-3.0,2.0,4.0
C. Delfino,CSJL,28.2,1.0,9.0,11.11111111111111,1.0,6.0,16.666666666666668,0.0,3.0,0.0,1.0,2.0,50.0,3.0,3.0,2.0,5.0,2.0,2.0,4.0,2.0,6.0,9.0,4.0,6.0,2.0,4.0
J. Estrada,CSJL,117.2833333333,24.0,49.0,48.97959183673469,24.0,47.0,51.06382978723404,0.0,2.0,0.0,21.0,27.0,77.77777777777777,69.0,9.0,23.0,32.0,13.0,19.0,1.0,6.0,7.0,10.0,16.0,-17.0,2.0,4.0
J. Jumao-as,CSJL,49.9,9.0,18.0,50.0,6.0,10.0,60.0,3.0,8.0,37.5,5.0,6.0,83.33333333333333,26.0,0.0,5.0,5.0,2.0,5.0,4.0,1.0,5.0,8.0,5.0,20.0,2.0,4.0
J. Miller-Aquinginoc,CSJL,55.3,9.0,15.0,60.0,7.0,9.0,77.77777777777777,2.0,6.0,33.333333333333336,8.0,9.0,88.88888888888889,28.0,3.0,5.0,8.0,8.0,8.0,4.0,0.0,4.0,3.0,13.0,-6.0,2.0,3.0
J. Pradella,CSJL,21.9166666666,2.0,4.0,50.0,2.0,3.0,66.66666666666667,0.0,1.0,0.0,0.0,4.0,0.0,4.0,1.0,5.0,6.0,1.0,1.0,0.0,0.0,0.0,4.0,4.0,10.0,2.0,4.0
E. Galoy,CSJL,9.4833333333,1.0,1.0,100.0,1.0,1.0,100.0,0.0,0.0,0.0,2.0,2.0,100.0,4.0,0.0,0.0,0.0,2.0,1.0,1.0,0.0,1.0,2.0,3.0,-7.0,0.0,1.0
K. Santos,CSJL,50.3,2.0,9.0,22.22222222222222,1.0,7.0,14.285714285714286,1.0,2.0,50.0,4.0,4.0,100.0,9.0,1.0,10.0,11.0,3.0,8.0,0.0,5.0,5.0,6.0,5.0,-10.0,2.0,4.0
K. Tagotongan,CSJL,5.583333333300001,0.0,0.0,0.0,0.0,0.0,0.0,0.0,0.0,0.0,0.0,0.0,0.0,0.0,0.0,1.0,1.0,0.0,0.0,0.0,0.0,0.0,0.0,1.0,-10.0,1.0,2.0
N. Montecillo,CSJL,76.0,7.0,22.0,31.818181818181817,5.0,8.0,62.5,2.0,14.0,14.285714285714286,4.0,6.0,66.66666666666667,20.0,2.0,11.0,13.0,8.0,6.0,4.0,0.0,4.0,9.0,6.0,23.0,2.0,4.0
P. Javillonar,CSJL,56.416666666699996,14.0,23.0,60.869565217391305,8.0,13.0,61.53846153846154,6.0,10.0,60.0,5.0,7.0,71.42857142857143,39.0,6.0,9.0,15.0,0.0,2.0,2.0,2.0,4.0,6.0,5.0,0.0,1.0,2.0
R. Go,CSJL,48.4,9.0,17.0,52.94117647058823,9.0,14.0,64.28571428571429,0.0,3.0,0.0,6.0,8.0,75.0,24.0,7.0,4.0,11.0,3.0,1.0,0.0,1.0,1.0,5.0,6.0,-4.0,2.0,4.0
V. Cuajao,CSJL,95.95,9.0,31.0,29.032258064516128,3.0,4.0,75.0,6.0,27.0,22.22222222222222,0.0,0.0,0.0,24.0,1.0,6.0,7.0,5.0,1.0,3.0,0.0,3.0,4.0,1.0,-36.0,2.0,4.0
C. Dimaano,CSJL,79.36666666670001,6.0,11.0,54.54545454545455,5.0,8.0,62.5,1.0,3.0,33.333333333333336,6.0,9.0,66.66666666666667,19.0,4.0,11.0,15.0,3.0,1.0,1.0,1.0,2.0,12.0,7.0,-7.0,2.0,4.0
J. Baliling,CSJL,11.483333333300001,1.0,4.0,25.0,0.0,0.0,0.0,1.0,4.0,25.0,0.0,0.0,0.0,3.0,0.0,1.0,1.0,1.0,0.0,0.0,0.0,0.0,1.0,0.0,-2.0,1.0,3.0
J. Nunag,CSJL,33.266666666700004,1.0,5.0,20.0,1.0,5.0,20.0,0.0,0.0,0.0,2.0,4.0,50.0,4.0,2.0,9.0,11.0,2.0,2.0,1.0,2.0,3.0,5.0,2.0,8.0,2.0,4.0
J. Bagay,EAC,36.0666666667,6.0,15.0,40.0,4.0,10.0,40.0,2.0,5.0,40.0,4.0,6.0,66.66666666666667,18.0,2.0,1.0,3.0,0.0,1.0,1.0,0.0,1.0,5.0,5.0,11.0,2.0,5.0
J. Luciano,EAC,90.1166666667,7.0,19.0,36.8421052631579,3.0,11.0,27.272727272727273,4.0,8.0,50.0,1.0,4.0,25.0,19.0,4.0,15.0,19.0,3.0,4.0,1.0,0.0,1.0,9.0,5.0,-37.0,2.0,5.0
H. Pagsanjan,EAC,115.73333333340001,21.0,48.0,43.75,18.0,37.0,48.648648648648646,3.0,11.0,27.272727272727273,6.0,11.0,54.54545454545455,51.0,4.0,21.0,25.0,3.0,4.0,4.0,2.0,6.0,17.0,11.0,2.0,2.0,5.0
K. Doromal,EAC,99.45,6.0,41.0,14.634146341463415,3.0,22.0,13.636363636363637,3.0,19.0,15.789473684210526,6.0,11.0,54.54545454545455,21.0,1.0,9.0,10.0,14.0,9.0,2.0,1.0,3.0,2.0,9.0,-13.0,2.0,5.0
K. Gurtiza,EAC,133.1333333333,22.0,71.0,30.985915492957748,13.0,39.0,33.333333333333336,9.0,32.0,28.125,15.0,26.0,57.69230769230769,68.0,10.0,12.0,22.0,13.0,5.0,4.0,2.0,6.0,8.0,18.0,-21.0,2.0,5.0
G. Loristo,EAC,78.3666666667,4.0,10.0,40.0,4.0,8.0,50.0,0.0,2.0,0.0,5.0,10.0,50.0,13.0,3.0,13.0,16.0,1.0,5.0,0.0,4.0,4.0,10.0,8.0,3.0,2.0,5.0
K. Ochavo,EAC,71.0,3.0,23.0,13.043478260869565,2.0,13.0,15.384615384615385,1.0,10.0,10.0,14.0,20.0,70.0,21.0,4.0,5.0,9.0,23.0,6.0,4.0,0.0,4.0,6.0,14.0,18.0,2.0,5.0
D. Ednilag,EAC,9.4,2.0,2.0,100.0,2.0,2.0,100.0,0.0,0.0,0.0,1.0,5.0,20.0,5.0,2.0,2.0,4.0,0.0,2.0,1.0,1.0,2.0,3.0,3.0,-4.0,0.0,2.0
J. Bacud,EAC,42.3833333334,3.0,7.0,42.857142857142854,3.0,6.0,50.0,0.0,1.0,0.0,0.0,0.0,0.0,6.0,6.0,11.0,17.0,3.0,1.0,1.0,0.0,1.0,3.0,2.0,-2.0,2.0,5.0
J. Devara,EAC,9.9833333333,0.0,0.0,0.0,0.0,0.0,0.0,0.0,0.0,0.0,1.0,2.0,50.0,1.0,0.0,0.0,0.0,0.0,0.0,3.0,0.0,3.0,2.0,1.0,4.0,0.0,2.0
B. Angeles,EAC,30.916666666799998,3.0,5.0,60.0,2.0,2.0,100.0,1.0,3.0,33.333333333333336,0.0,0.0,0.0,7.0,0.0,7.0,7.0,5.0,2.0,0.0,0.0,0.0,4.0,1.0,-10.0,2.0,5.0
J. Manacho,EAC,11.200000000100001,2.0,4.0,50.0,2.0,4.0,50.0,0.0,0.0,0.0,1.0,4.0,25.0,5.0,0.0,3.0,3.0,2.0,1.0,0.0,0.0,0.0,1.0,2.0,-8.0,1.0,3.0
E. Umpad,EAC,52.0999999999,4.0,7.0,57.142857142857146,4.0,7.0,57.142857142857146,0.0,0.0,0.0,0.0,2.0,0.0,8.0,7.0,6.0,13.0,1.0,6.0,0.0,4.0,4.0,10.0,5.0,-11.0,2.0,5.0
A. Lucero,EAC,53.5666666667,3.0,24.0,12.5,3.0,20.0,15.0,0.0,4.0,0.0,12.0,16.0,75.0,18.0,2.0,5.0,7.0,13.0,5.0,3.0,1.0,4.0,11.0,12.0,-25.0,2.0,4.0
R. Postanes,EAC,4.1333333333,0.0,0.0,0.0,0.0,0.0,0.0,0.0,0.0,0.0,0.0,2.0,0.0,0.0,0.0,0.0,0.0,0.0,0.0,0.0,0.0,0.0,0.0,1.0,-1.0,0.0,1.0
W. Oftana,EAC,108.55,14.0,41.0,34.146341463414636,5.0,14.0,35.714285714285715,9.0,27.0,33.333333333333336,7.0,13.0,53.84615384615385,44.0,6.0,22.0,28.0,3.0,5.0,10.0,8.0,18.0,16.0,11.0,9.0,2.0,5.0
N. Quinal,EAC,78.3166666665,13.0,40.0,32.5,6.0,13.0,46.15384615384615,7.0,27.0,25.925925925925927,5.0,7.0,71.42857142857143,38.0,5.0,7.0,12.0,3.0,5.0,3.0,0.0,3.0,9.0,6.0,30.0,2.0,5.0
M. Raymundo,JRU,95.15000000010001,13.0,41.0,31.70731707317073,11.0,37.0,29.72972972972973,2.0,4.0,50.0,12.0,13.0,92.3076923076923,40.0,12.0,14.0,26.0,8.0,10.0,6.0,4.0,10.0,8.0,15.0,-21.0,1.0,5.0
P. Ramos,JRU,61.333333333300004,5.0,21.0,23.80952380952381,4.0,16.0,25.0,1.0,5.0,20.0,9.0,12.0,75.0,20.0,1.0,2.0,3.0,11.0,8.0,2.0,1.0,3.0,8.0,9.0,-27.0,1.0,5.0
R. Bernardo,JRU,8.7166666666,1.0,1.0,100.0,0.0,0.0,0.0,1.0,1.0,100.0,0.0,0.0,0.0,3.0,0.0,1.0,1.0,0.0,0.0,0.0,0.0,0.0,0.0,0.0,5.0,1.0,2.0
L. Benitez,JRU,21.299999999999997,0.0,0.0,0.0,0.0,0.0,0.0,0.0,0.0,0.0,0.0,0.0,0.0,0.0,0.0,3.0,3.0,0.0,2.0,0.0,4.0,4.0,6.0,1.0,-14.0,0.0,2.0
R. Samontes,JRU,28.2999999999,1.0,9.0,11.11111111111111,0.0,1.0,0.0,1.0,8.0,12.5,0.0,0.0,0.0,3.0,1.0,1.0,2.0,4.0,4.0,1.0,0.0,1.0,2.0,3.0,-9.0,1.0,4.0
S. Argente,JRU,103.81666666660001,21.0,64.0,32.8125,8.0,21.0,38.095238095238095,13.0,43.0,30.232558139534884,16.0,24.0,66.66666666666667,71.0,3.0,13.0,16.0,9.0,7.0,7.0,0.0,7.0,12.0,19.0,19.0,1.0,5.0
S. Mosqueda,JRU,32.4333333332,6.0,19.0,31.57894736842105,5.0,15.0,33.333333333333336,1.0,4.0,25.0,3.0,3.0,100.0,16.0,1.0,3.0,4.0,1.0,0.0,0.0,1.0,1.0,1.0,5.0,-10.0,1.0,4.0
K. De Jesus,JRU,9.0833333333,0.0,2.0,0.0,0.0,2.0,0.0,0.0,0.0,0.0,0.0,0.0,0.0,0.0,0.0,1.0,1.0,1.0,0.0,0.0,0.0,0.0,2.0,2.0,-9.0,0.0,2.0
V. Sarmiento,JRU,51.599999999999994,6.0,12.0,50.0,6.0,12.0,50.0,0.0,0.0,0.0,3.0,8.0,37.5,15.0,7.0,17.0,24.0,3.0,5.0,1.0,1.0,2.0,9.0,8.0,-37.0,1.0,4.0
J. Pangilinan,JRU,43.666666666699996,6.0,18.0,33.333333333333336,3.0,5.0,60.0,3.0,13.0,23.076923076923077,4.0,7.0,57.142857142857146,19.0,2.0,2.0,4.0,2.0,3.0,2.0,0.0,2.0,3.0,5.0,-19.0,1.0,5.0
M. De Leon,JRU,36.6833333334,1.0,6.0,16.666666666666668,1.0,6.0,16.666666666666668,0.0,0.0,0.0,5.0,6.0,83.33333333333333,7.0,1.0,5.0,6.0,1.0,3.0,1.0,0.0,1.0,5.0,5.0,-16.0,1.0,5.0
M. Barrera,JRU,105.85000000010001,16.0,34.0,47.05882352941177,11.0,21.0,52.38095238095238,5.0,13.0,38.46153846153846,6.0,7.0,85.71428571428571,43.0,5.0,2.0,7.0,6.0,3.0,0.0,2.0,2.0,6.0,5.0,-34.0,1.0,5.0
J. Medina,JRU,98.94999999999999,15.0,36.0,41.666666666666664,13.0,31.0,41.935483870967744,2.0,5.0,40.0,4.0,10.0,40.0,36.0,4.0,10.0,14.0,8.0,9.0,4.0,4.0,8.0,11.0,9.0,4.0,1.0,5.0
J. Lozano,JRU,50.4333333333,8.0,23.0,34.78260869565217,6.0,14.0,42.857142857142854,2.0,9.0,22.22222222222222,3.0,4.0,75.0,21.0,2.0,6.0,8.0,5.0,1.0,1.0,0.0,1.0,3.0,3.0,-9.0,1.0,3.0
C. Ferrer,JRU,7.7833333333,1.0,1.0,100.0,1.0,1.0,100.0,0.0,0.0,0.0,0.0,0.0,0.0,2.0,0.0,1.0,1.0,1.0,0.0,0.0,0.0,0.0,3.0,0.0,9.0,1.0,3.0
I. Panapanaan,JRU,117.4666666666,2.0,11.0,18.181818181818183,2.0,10.0,20.0,0.0,1.0,0.0,8.0,16.0,50.0,12.0,14.0,11.0,25.0,14.0,6.0,5.0,8.0,13.0,14.0,12.0,14.0,1.0,5.0
J. Guiab,JRU,126.9166666666,23.0,37.0,62.16216216216216,23.0,34.0,67.6470588235294,0.0,3.0,0.0,16.0,22.0,72.72727272727273,62.0,9.0,19.0,28.0,10.0,6.0,4.0,1.0,5.0,9.0,18.0,4.0,1.0,5.0
J. Daileg,LPU,53.2666666666,7.0,13.0,53.84615384615385,5.0,8.0,62.5,2.0,5.0,40.0,3.0,3.0,100.0,19.0,2.0,12.0,14.0,3.0,3.0,1.0,2.0,3.0,5.0,4.0,28.0,2.0,4.0
N. Moralejo,LPU,32.3666666666,5.0,7.0,71.42857142857143,4.0,5.0,80.0,1.0,2.0,50.0,3.0,4.0,75.0,14.0,0.0,4.0,4.0,2.0,0.0,0.0,0.0,0.0,4.0,4.0,2.0,2.0,4.0
G. Aviles,LPU,64.0166666667,4.0,12.0,33.333333333333336,4.0,11.0,36.36363636363637,0.0,1.0,0.0,0.0,2.0,0.0,8.0,3.0,15.0,18.0,4.0,4.0,0.0,1.0,1.0,10.0,2.0,-2.0,2.0,4.0
J. Culanay,LPU,4.583333333400001,0.0,0.0,0.0,0.0,0.0,0.0,0.0,0.0,0.0,0.0,0.0,0.0,0.0,0.0,0.0,0.0,0.0,0.0,0.0,0.0,0.0,1.0,0.0,-7.0,2.0,2.0
M. Guadana,LPU,117.30000000000001,21.0,55.0,38.18181818181818,15.0,30.0,50.0,6.0,25.0,24.0,15.0,19.0,78.94736842105263,63.0,3.0,15.0,18.0,10.0,6.0,4.0,1.0,5.0,7.0,15.0,-2.0,2.0,4.0
J. Bravo,LPU,41.416666666699996,6.0,22.0,27.272727272727273,5.0,12.0,41.666666666666664,1.0,10.0,10.0,5.0,6.0,83.33333333333333,18.0,4.0,7.0,11.0,1.0,5.0,0.0,0.0,0.0,7.0,5.0,-20.0,0.0,2.0
R. Villegas,LPU,54.7666666667,7.0,18.0,38.888888888888886,2.0,10.0,20.0,5.0,8.0,62.5,6.0,8.0,75.0,25.0,2.0,7.0,9.0,4.0,5.0,0.0,1.0,1.0,4.0,5.0,9.0,2.0,4.0
L. Pallingayan,LPU,10.3666666667,2.0,2.0,100.0,2.0,2.0,100.0,0.0,0.0,0.0,0.0,0.0,0.0,4.0,0.0,2.0,2.0,3.0,2.0,1.0,0.0,1.0,0.0,0.0,3.0,1.0,2.0
D. Colian,LPU,1.5166666667,0.0,0.0,0.0,0.0,0.0,0.0,0.0,0.0,0.0,0.0,0.0,0.0,0.0,0.0,0.0,0.0,0.0,0.0,0.0,0.0,0.0,1.0,0.0,-10.0,1.0,1.0
J. Barba,LPU,115.6000000001,33.0,62.0,53.225806451612904,21.0,36.0,58.333333333333336,12.0,26.0,46.15384615384615,13.0,19.0,68.42105263157895,91.0,4.0,18.0,22.0,13.0,11.0,2.0,0.0,2.0,10.0,15.0,14.0,2.0,4.0
O. Gordon,LPU,31.5333333334,0.0,7.0,0.0,0.0,6.0,0.0,0.0,1.0,0.0,2.0,4.0,50.0,2.0,1.0,4.0,5.0,3.0,4.0,3.0,0.0,3.0,5.0,5.0,-29.0,2.0,4.0
S. Penafiel,LPU,54.6833333333,8.0,19.0,42.10526315789474,8.0,14.0,57.142857142857146,0.0,5.0,0.0,4.0,7.0,57.142857142857146,20.0,3.0,5.0,8.0,3.0,2.0,2.0,0.0,2.0,7.0,5.0,-30.0,2.0,4.0
K. Caduyac,LPU,6.1333333334,0.0,1.0,0.0,0.0,0.0,0.0,0.0,1.0,0.0,0.0,0.0,0.0,0.0,0.0,0.0,0.0,0.0,0.0,0.0,0.0,0.0,3.0,0.0,-4.0,1.0,2.0
D. Paulo,LPU,10.2,0.0,1.0,0.0,0.0,1.0,0.0,0.0,0.0,0.0,0.0,2.0,0.0,0.0,1.0,0.0,1.0,1.0,0.0,0.0,0.0,0.0,0.0,1.0,-11.0,0.0,2.0
J. Panelo,LPU,32.75,1.0,6.0,16.666666666666668,1.0,5.0,20.0,0.0,1.0,0.0,5.0,8.0,62.5,7.0,3.0,4.0,7.0,1.0,0.0,1.0,0.0,1.0,4.0,6.0,4.0,2.0,4.0
G. Montano,LPU,85.91666666670001,14.0,33.0,42.42424242424242,9.0,17.0,52.94117647058823,5.0,16.0,31.25,5.0,8.0,62.5,38.0,4.0,8.0,12.0,8.0,8.0,2.0,3.0,5.0,14.0,9.0,17.0,2.0,4.0
V. Cunanan,LPU,108.1333333333,13.0,28.0,46.42857142857143,10.0,14.0,71.42857142857143,3.0,14.0,21.428571428571427,5.0,9.0,55.55555555555556,34.0,7.0,13.0,20.0,20.0,5.0,10.0,1.0,11.0,13.0,10.0,-7.0,2.0,4.0
Y. Concepcion,MU,13.1666666667,1.0,2.0,50.0,1.0,2.0,50.0,0.0,0.0,0.0,0.0,0.0,0.0,2.0,1.0,1.0,2.0,0.0,1.0,0.0,1.0,1.0,6.0,0.0,-10.0,3.0,4.0
A. Fermin,MU,9.7833333333,2.0,3.0,66.66666666666667,2.0,3.0,66.66666666666667,0.0,0.0,0.0,0.0,0.0,0.0,4.0,0.0,2.0,2.0,0.0,0.0,0.0,0.0,0.0,1.0,0.0,-5.0,2.0,3.0
N. Agemenyi,MU,30.8499999999,3.0,7.0,42.857142857142854,3.0,4.0,75.0,0.0,3.0,0.0,1.0,2.0,50.0,7.0,3.0,7.0,10.0,1.0,1.0,0.0,0.0,0.0,8.0,2.0,-7.0,3.0,4.0
A. Pantaleon,MU,0.1666666667,0.0,0.0,0.0,0.0,0.0,0.0,0.0,0.0,0.0,0.0,0.0,0.0,0.0,0.0,0.0,0.0,0.0,0.0,0.0,0.0,0.0,0.0,0.0,2.0,1.0,1.0
C. Escamis,MU,129.05,21.0,65.0,32.30769230769231,12.0,29.0,41.37931034482759,9.0,36.0,25.0,15.0,16.0,93.75,66.0,2.0,12.0,14.0,16.0,13.0,11.0,3.0,14.0,6.0,15.0,14.0,3.0,4.0
J. Bancale,MU,61.95,6.0,18.0,33.333333333333336,4.0,10.0,40.0,2.0,8.0,25.0,3.0,4.0,75.0,17.0,5.0,7.0,12.0,6.0,2.0,2.0,0.0,2.0,7.0,4.0,-2.0,3.0,4.0
M. Igliane,MU,77.9166666667,3.0,11.0,27.272727272727273,2.0,4.0,50.0,1.0,7.0,14.285714285714286,3.0,6.0,50.0,10.0,6.0,16.0,22.0,4.0,4.0,1.0,1.0,2.0,11.0,5.0,18.0,3.0,4.0
C. Hubilla,MU,85.35,13.0,31.0,41.935483870967744,13.0,30.0,43.333333333333336,0.0,1.0,0.0,17.0,28.0,60.714285714285715,43.0,11.0,19.0,30.0,3.0,7.0,4.0,0.0,4.0,15.0,18.0,14.0,3.0,4.0
E. Ryan,MU,30.2666666667,2.0,6.0,33.333333333333336,2.0,5.0,40.0,0.0,1.0,0.0,1.0,4.0,25.0,5.0,4.0,3.0,7.0,2.0,0.0,0.0,1.0,1.0,3.0,3.0,-5.0,3.0,4.0
M. Cuenco,MU,124.86666666660001,14.0,37.0,37.83783783783784,5.0,14.0,35.714285714285715,9.0,23.0,39.130434782608695,3.0,5.0,60.0,40.0,5.0,10.0,15.0,15.0,4.0,3.0,0.0,3.0,8.0,8.0,13.0,3.0,4.0
J. Recto,MU,59.600000000099996,9.0,19.0,47.36842105263158,7.0,15.0,46.666666666666664,2.0,4.0,50.0,0.0,2.0,0.0,20.0,2.0,9.0,11.0,5.0,5.0,4.0,2.0,6.0,10.0,3.0,5.0,2.0,3.0
L. Mangubat,MU,96.4333333334,14.0,37.0,37.83783783783784,2.0,7.0,28.571428571428573,12.0,30.0,40.0,3.0,4.0,75.0,43.0,4.0,10.0,14.0,5.0,9.0,5.0,0.0,5.0,11.0,4.0,20.0,3.0,4.0
T. Abdullah,MU,3.8333333333,1.0,2.0,50.0,1.0,2.0,50.0,0.0,0.0,0.0,0.0,0.0,0.0,2.0,0.0,0.0,0.0,0.0,0.0,1.0,0.0,1.0,0.0,0.0,-2.0,0.0,1.0
J. Garcia,MU,6.7833333333,0.0,2.0,0.0,0.0,0.0,0.0,0.0,2.0,0.0,0.0,0.0,0.0,0.0,0.0,0.0,0.0,1.0,1.0,0.0,0.0,0.0,0.0,0.0,-1.0,0.0,1.0
J. Jabonete,MU,69.6,10.0,29.0,34.48275862068966,9.0,21.0,42.857142857142854,1.0,8.0,12.5,2.0,7.0,28.571428571428573,23.0,5.0,14.0,19.0,3.0,3.0,4.0,2.0,6.0,6.0,7.0,1.0,3.0,4.0
E. Tagle,SBU,43.7833333333,5.0,15.0,33.333333333333336,0.0,2.0,0.0,5.0,13.0,38.46153846153846,1.0,2.0,50.0,16.0,1.0,3.0,4.0,0.0,2.0,2.0,0.0,2.0,3.0,2.0,2.0,2.0,4.0
RC. Calimag,SBU,64.8666666667,8.0,28.0,28.571428571428573,5.0,12.0,41.666666666666664,3.0,16.0,18.75,1.0,2.0,50.0,20.0,0.0,7.0,7.0,3.0,0.0,0.0,1.0,1.0,8.0,1.0,9.0,3.0,5.0
J. Celzo,SBU,65.2333333333,3.0,11.0,27.272727272727273,3.0,11.0,27.272727272727273,0.0,0.0,0.0,4.0,6.0,66.66666666666667,10.0,7.0,10.0,17.0,1.0,3.0,1.0,1.0,2.0,11.0,4.0,1.0,3.0,5.0
P. Estacio,SBU,55.149999999900004,6.0,13.0,46.15384615384615,3.0,7.0,42.857142857142854,3.0,6.0,50.0,2.0,4.0,50.0,17.0,2.0,7.0,9.0,7.0,1.0,0.0,0.0,0.0,5.0,3.0,42.0,3.0,5.0
J. Bonzalida,SBU,22.45,3.0,7.0,42.857142857142854,2.0,2.0,100.0,1.0,5.0,20.0,0.0,0.0,0.0,7.0,0.0,3.0,3.0,1.0,1.0,1.0,0.0,1.0,4.0,2.0,-8.0,2.0,3.0
Y. Andrada,SBU,148.1666666666,28.0,54.0,51.851851851851855,17.0,26.0,65.38461538461539,11.0,28.0,39.285714285714285,8.0,14.0,57.142857142857146,75.0,10.0,28.0,38.0,6.0,8.0,2.0,2.0,4.0,4.0,12.0,31.0,3.0,5.0
Ri. Calimag,SBU,29.7833333334,2.0,7.0,28.571428571428573,1.0,2.0,50.0,1.0,5.0,20.0,1.0,3.0,33.333333333333336,6.0,2.0,6.0,8.0,2.0,1.0,0.0,0.0,0.0,3.0,3.0,-20.0,2.0,3.0
I. Culdora,SBU,6.883333333300001,1.0,2.0,50.0,1.0,1.0,100.0,0.0,1.0,0.0,0.0,2.0,0.0,2.0,0.0,0.0,0.0,0.0,1.0,0.0,0.0,0.0,2.0,1.0,-7.0,3.0,3.0
N. Gonzales,SBU,82.19999999999999,4.0,19.0,21.05263157894737,1.0,11.0,9.090909090909092,3.0,8.0,37.5,1.0,2.0,50.0,12.0,5.0,10.0,15.0,7.0,9.0,3.0,0.0,3.0,10.0,6.0,-9.0,2.0,4.0
Z. Jalbuena,SBU,23.799999999999997,2.0,5.0,40.0,2.0,3.0,66.66666666666667,0.0,2.0,0.0,0.0,4.0,0.0,4.0,1.0,3.0,4.0,3.0,4.0,1.0,1.0,2.0,6.0,4.0,17.0,2.0,4.0
J. Payosing,SBU,95.43333333340001,16.0,32.0,50.0,15.0,25.0,60.0,1.0,7.0,14.285714285714286,8.0,17.0,47.05882352941177,41.0,10.0,18.0,28.0,8.0,5.0,2.0,2.0,4.0,9.0,11.0,-3.0,3.0,5.0
J. Puno,SBU,120.14999999999999,13.0,33.0,39.39393939393939,10.0,28.0,35.714285714285715,3.0,5.0,60.0,18.0,26.0,69.23076923076923,47.0,9.0,25.0,34.0,3.0,6.0,3.0,0.0,3.0,2.0,20.0,31.0,3.0,5.0
J. Tagala,SBU,9.5166666667,0.0,0.0,0.0,0.0,0.0,0.0,0.0,0.0,0.0,0.0,0.0,0.0,0.0,0.0,2.0,2.0,0.0,0.0,1.0,0.0,1.0,0.0,0.0,-4.0,1.0,2.0
A. Sollano,SBU,1.9333333333,0.0,0.0,0.0,0.0,0.0,0.0,0.0,0.0,0.0,0.0,0.0,0.0,0.0,0.0,0.0,0.0,0.0,0.0,0.0,0.0,0.0,0.0,0.0,-6.0,1.0,1.0
A. Royo,SBU,69.7666666667,4.0,12.0,33.333333333333336,3.0,8.0,37.5,1.0,4.0,25.0,2.0,5.0,40.0,11.0,3.0,7.0,10.0,7.0,9.0,1.0,1.0,2.0,6.0,9.0,2.0,3.0,5.0
B. Sajonia,SBU,111.5,23.0,59.0,38.983050847457626,14.0,36.0,38.888888888888886,9.0,23.0,39.130434782608695,25.0,35.0,71.42857142857143,80.0,6.0,16.0,22.0,10.0,11.0,3.0,3.0,6.0,7.0,29.0,36.0,3.0,5.0
M. Songcuya,SBU,73.88333333330002,3.0,14.0,21.428571428571427,3.0,11.0,27.272727272727273,0.0,3.0,0.0,7.0,10.0,70.0,13.0,10.0,12.0,22.0,4.0,8.0,2.0,5.0,7.0,15.0,12.0,11.0,3.0,5.0
K. Barroga,SSCR,21.8166666667,1.0,2.0,50.0,1.0,1.0,100.0,0.0,1.0,0.0,0.0,0.0,0.0,2.0,0.0,4.0,4.0,0.0,1.0,2.0,0.0,2.0,3.0,0.0,-11.0,2.0,4.0
M. Pascual,SSCR,23.25,0.0,4.0,0.0,0.0,0.0,0.0,0.0,4.0,0.0,0.0,0.0,0.0,0.0,0.0,1.0,1.0,1.0,0.0,0.0,0.0,0.0,2.0,0.0,-12.0,2.0,4.0
R. Escobido,SSCR,120.54999999999998,25.0,76.0,32.89473684210526,20.0,42.0,47.61904761904762,5.0,34.0,14.705882352941176,6.0,8.0,75.0,61.0,9.0,11.0,20.0,11.0,7.0,10.0,0.0,10.0,14.0,9.0,6.0,2.0,4.0
J. Lintol,SSCR,12.1499999999,1.0,2.0,50.0,1.0,2.0,50.0,0.0,0.0,0.0,0.0,0.0,0.0,2.0,1.0,1.0,2.0,0.0,1.0,0.0,0.0,0.0,1.0,0.0,-6.0,2.0,4.0
V. Suico,SSCR,14.2,1.0,2.0,50.0,1.0,1.0,100.0,0.0,1.0,0.0,0.0,2.0,0.0,2.0,3.0,0.0,3.0,0.0,1.0,1.0,0.0,1.0,3.0,1.0,-2.0,2.0,3.0
T. Felebrico,SSCR,112.35,15.0,35.0,42.857142857142854,13.0,27.0,48.148148148148145,2.0,8.0,25.0,15.0,21.0,71.42857142857143,47.0,13.0,24.0,37.0,6.0,6.0,6.0,0.0,6.0,15.0,18.0,0.0,2.0,4.0
Re. Gabat,SSCR,100.4166666666,15.0,41.0,36.58536585365854,12.0,19.0,63.1578947368421,3.0,22.0,13.636363636363637,6.0,8.0,75.0,39.0,7.0,10.0,17.0,0.0,5.0,2.0,1.0,3.0,11.0,8.0,-12.0,2.0,4.0
L. Velasco,SSCR,76.3333333333,10.0,17.0,58.8235294117647,10.0,17.0,58.8235294117647,0.0,0.0,0.0,8.0,11.0,72.72727272727273,28.0,10.0,9.0,19.0,3.0,1.0,3.0,4.0,7.0,11.0,14.0,-7.0,2.0,4.0
C. Ricio,SSCR,63.8333333333,7.0,18.0,38.888888888888886,5.0,10.0,50.0,2.0,8.0,25.0,3.0,4.0,75.0,19.0,4.0,5.0,9.0,2.0,3.0,2.0,0.0,2.0,13.0,3.0,-10.0,2.0,4.0
A. Aguilar,SSCR,59.05,9.0,38.0,23.68421052631579,5.0,12.0,41.666666666666664,4.0,26.0,15.384615384615385,5.0,7.0,71.42857142857143,27.0,3.0,14.0,17.0,3.0,4.0,2.0,0.0,2.0,7.0,7.0,-4.0,2.0,4.0
J. Maliwat,SSCR,26.7166666667,3.0,9.0,33.333333333333336,2.0,5.0,40.0,1.0,4.0,25.0,0.0,0.0,0.0,7.0,1.0,1.0,2.0,3.0,2.0,2.0,0.0,2.0,6.0,2.0,-11.0,2.0,4.0
Ra. Gabat,SSCR,52.7499999999,8.0,23.0,34.78260869565217,6.0,14.0,42.857142857142854,2.0,9.0,22.22222222222222,2.0,2.0,100.0,20.0,3.0,2.0,5.0,3.0,4.0,2.0,0.0,2.0,15.0,2.0,-11.0,2.0,4.0
R. Are,SSCR,116.2166666667,24.0,57.0,42.10526315789474,18.0,37.0,48.648648648648646,6.0,20.0,30.0,27.0,32.0,84.375,81.0,10.0,12.0,22.0,26.0,7.0,6.0,1.0,7.0,16.0,25.0,-5.0,2.0,4.0
C. Pagaran,UPHSD,124.26666666669999,18.0,46.0,39.130434782608695,13.0,29.0,44.827586206896555,5.0,17.0,29.41176470588235,11.0,19.0,57.89473684210526,52.0,3.0,18.0,21.0,9.0,3.0,2.0,3.0,5.0,3.0,14.0,-5.0,3.0,5.0
A. Gelsano,UPHSD,74.0,6.0,22.0,27.272727272727273,5.0,13.0,38.46153846153846,1.0,9.0,11.11111111111111,6.0,12.0,50.0,19.0,10.0,7.0,17.0,7.0,7.0,2.0,1.0,3.0,14.0,8.0,15.0,3.0,5.0
A. Manuel,UPHSD,69.9,7.0,26.0,26.923076923076923,7.0,16.0,43.75,0.0,10.0,0.0,6.0,10.0,60.0,20.0,2.0,8.0,10.0,5.0,7.0,3.0,1.0,4.0,8.0,6.0,-38.0,3.0,5.0
J. Nunez,UPHSD,106.03333333340001,3.0,15.0,20.0,3.0,13.0,23.076923076923077,0.0,2.0,0.0,3.0,10.0,30.0,9.0,6.0,13.0,19.0,5.0,4.0,1.0,2.0,3.0,14.0,12.0,18.0,3.0,5.0
R. Danag,UPHSD,0.9333333333,0.0,0.0,0.0,0.0,0.0,0.0,0.0,0.0,0.0,0.0,0.0,0.0,0.0,0.0,0.0,0.0,0.0,0.0,0.0,0.0,0.0,0.0,0.0,0.0,1.0,1.0
I. Montemayor,UPHSD,39.2666666666,3.0,10.0,30.0,1.0,4.0,25.0,2.0,6.0,33.333333333333336,0.0,0.0,0.0,8.0,3.0,3.0,6.0,4.0,2.0,0.0,0.0,0.0,7.0,1.0,-34.0,3.0,5.0
S. Orgo,UPHSD,130.55,15.0,38.0,39.473684210526315,9.0,19.0,47.36842105263158,6.0,19.0,31.57894736842105,3.0,8.0,37.5,39.0,6.0,15.0,21.0,14.0,13.0,7.0,0.0,7.0,8.0,11.0,26.0,3.0,5.0
B. Manuel,UPHSD,3.6166666667,0.0,2.0,0.0,0.0,0.0,0.0,0.0,2.0,0.0,0.0,0.0,0.0,0.0,0.0,0.0,0.0,0.0,0.0,0.0,0.0,0.0,0.0,0.0,0.0,0.0,1.0
N. Sevilla,UPHSD,18.1333333333,2.0,8.0,25.0,2.0,7.0,28.571428571428573,0.0,1.0,0.0,0.0,0.0,0.0,4.0,0.0,2.0,2.0,0.0,3.0,1.0,0.0,1.0,1.0,2.0,-8.0,2.0,3.0
R. Cauguiran,UPHSD,19.1833333333,0.0,4.0,0.0,0.0,4.0,0.0,0.0,0.0,0.0,4.0,6.0,66.66666666666667,4.0,3.0,8.0,11.0,0.0,2.0,2.0,1.0,3.0,4.0,4.0,-4.0,2.0,4.0
J. Boral,UPHSD,103.5666666666,15.0,49.0,30.612244897959183,12.0,30.0,40.0,3.0,19.0,15.789473684210526,10.0,14.0,71.42857142857143,43.0,9.0,18.0,27.0,7.0,3.0,2.0,2.0,4.0,5.0,12.0,-40.0,3.0,5.0
J. Abis,UPHSD,104.3166666667,15.0,42.0,35.714285714285715,13.0,34.0,38.23529411764706,2.0,8.0,25.0,5.0,6.0,83.33333333333333,37.0,12.0,11.0,23.0,8.0,11.0,2.0,3.0,5.0,9.0,7.0,-1.0,3.0,5.0
M. Gojo Cruz,UPHSD,138.3999999999,28.0,64.0,43.75,18.0,35.0,51.42857142857143,10.0,29.0,34.48275862068966,15.0,19.0,78.94736842105263,81.0,6.0,24.0,30.0,14.0,6.0,8.0,6.0,14.0,6.0,16.0,45.0,3.0,5.0
R. Movida,UPHSD,4.1333333334,0.0,1.0,0.0,0.0,0.0,0.0,0.0,1.0,0.0,0.0,0.0,0.0,0.0,0.0,0.0,0.0,0.0,0.0,0.0,0.0,0.0,0.0,0.0,-6.0,2.0,3.0
A. Javier,UPHSD,1.8,0.0,1.0,0.0,0.0,1.0,0.0,0.0,0.0,0.0,0.0,0.0,0.0,0.0,0.0,0.0,0.0,1.0,0.0,0.0,0.0,0.0,1.0,0.0,-5.0,1.0,2.0
E. Pizarro,UPHSD,61.49999999999999,10.0,15.0,66.66666666666667,10.0,15.0,66.66666666666667,0.0,0.0,0.0,4.0,8.0,50.0,24.0,7.0,4.0,11.0,4.0,7.0,7.0,1.0,8.0,16.0,8.0,-8.0,3.0,5.0
League,League,83.60710967566953,11.805561817745007,30.35790740613104,38.88793011919119,8.642644080554447,18.87525035818745,45.78823547527441,3.1629177371905595,11.482657047943588,27.54517289843644,6.604639940678009,10.25969433477875,64.37462681796784,33.378681313358584,5.187578135043355,11.664293659207782,16.85187179425114,6.627875043550817,5.420340915654571,3.1262885877655426,1.5012753129593521,4.627563900724895,8.03678937866477,9.095472406102942,3.292477982451578,2.107159824940301,4.2715848348614065
