PLAYER,TEAM,SP,GP,MPG,EWA,PER,WS,OWS,DWS,EFF,GmSc,TS%,EFG%,PPWS,FTR,REB%,OREB%,DREB%,AR,pAST%,hAST%,TOR,hTO%,AST/TO,STL/TO,PPR,USG%,STL%,BLK%,aSP,ORtg,DRtg,Floor%,Stop%,FFI,PIE,AV,DRE/100,DRE/75,POS
R. Are,SSCR,99.0,3.0,28.661111111133334,1.1975692666348976,38.815125713521354,0.8418883046335923,0.853094255468175,-0.01120595083458259,24.666666666666668,19.7,58.91016200294551,47.61904761904761,1.1782032400589102,0.6666666666666666,9.343058115922913,7.1309015638408,12.31428799469987,13.12539209113426,46.33632448853138,27.939747327502435,2.8533461067683175,6.073858114674442,4.6,1.0,11.445544824713973,26.7438096769073,,0.0,99.0,136.1901614499247,106.31360033682326,59.7748111560784,0.527935688928094,54.76046283369513,18.506998444790046,1.201446661775317,16.940816129153742,12.705612096865305,58.41095346664142
A. Liwag,CSB,86.66666666666667,3.0,34.43333333333333,0.7329138739513521,25.08095727630414,0.7166836971759469,0.2925189682996744,0.4241647288762725,24.333333333333332,13.833333333333336,50.872093023255815,50.0,1.0174418604651163,0.3333333333333333,23.025580930507818,13.799018359063197,30.934063134603207,3.187338047230122,11.132386338335486,11.05379513633014,3.718561055101809,12.896094325718495,0.8571428571428571,0.14285714285714285,-2.969483701651871,20.817442857757847,,190.56185256610593,83.2,105.94648051021301,73.84268643516259,53.62044055248809,0.7887950615045667,51.83016340803719,23.85120350109409,1.1892491518362605,13.94781615236927,10.460862114276953,62.7482861988251
B. Sajonia,SBU,79.0,3.0,25.24444444443333,0.9650353076448203,36.432512786535334,0.7282039728680574,0.5734976830008254,0.15470628986723206,17.666666666666668,15.066666666666668,55.61440677966102,48.837209302325576,1.1122881355932204,0.7209302325581395,11.382952889757318,6.877200704228379,15.217635600845776,6.535842274127621,30.76123810567647,12.389867841409693,5.083432879877038,9.636563876651982,1.2857142857142858,0.42857142857142855,-1.353137307824938,38.54381794954593,,74.34811572138787,75.84,116.40671555124871,89.6770863248639,53.57661368231531,0.6264955413112304,55.45341913017874,18.85593220338983,0.9353789828560723,15.449511544639227,11.58713365847942,45.90074047342932
W. Ynot,CSB,78.33333333333333,3.0,29.4388888889,0.4282022991203783,20.565460893356885,0.5355675309983304,0.23544679542016209,0.3001207355781684,14.333333333333334,9.533333333333333,45.49808429118774,45.0,0.9099616858237548,0.1,10.887395299544426,6.20772539009112,14.898540936218689,9.320211934669203,32.280001032943915,23.162445954292778,4.970779698490241,12.353304508956148,1.875,0.75,2.315513616761823,25.095632380876918,,0.0,75.19999999999999,101.67287522819319,79.27522819873522,43.985860627129995,0.6594441679130574,44.498850153395665,14.660831509846828,0.7996170519737711,9.151020119998831,6.863265089999123,53.64684875245235
J. Miller,CSJL,77.0,1.0,23.0,0.42086709983770343,47.60012481190365,0.27151119459216877,0.26221030339878854,0.009300891193380248,22.0,17.6,101.5228426395939,100.0,2.030456852791878,0.2857142857142857,5.230467473030402,0.0,8.381351492928236,11.901347816565137,54.127198917456035,33.602150537634415,4.760539126626054,13.440860215053766,2.5,1.0,6.1599397095830275,20.52389954091277,,0.0,77.0,164.34583400638766,102.37431527171117,70.49276018777294,0.5699895523619201,68.09557950405778,12.054794520547945,0.48372408956048846,23.7370389669651,17.802779225223823,42.0120483584275
C. Escamis,MU,76.33333333333333,3.0,31.6388888889,0.4778829287933328,20.9398737862082,0.3785835892062108,0.12932016014017308,0.2492634290660377,13.0,11.300000000000002,46.32807137954701,40.56603773584906,0.9265614275909403,0.22641509433962265,4.904483666856684,0.0,10.634020660848137,5.524466651019018,25.673940949922635,12.939958592132506,4.972019985917116,11.645962732919255,1.1111111111111112,1.1111111111111112,-2.5019505580042094,32.234302366656266,,22.738613323556166,76.33333333333333,92.0618870003679,86.00652929693076,38.64211864694392,0.6950560141573752,43.37963651295468,12.909090909090908,0.7431545832141785,6.876329508943948,5.157247131707961,60.33764965742859
J. Barba,LPU,72.0,3.0,28.744444444466666,0.8643933705942717,30.968017103515383,0.48601171597999326,0.5784559415291926,-0.09244422554919927,19.333333333333332,15.666666666666666,64.1025641025641,61.36363636363637,1.282051282051282,0.38636363636363635,8.15147510969088,4.525441466239537,11.996321128178081,5.799489475368333,25.12527742490807,14.602803738317757,4.059642632757832,10.22196261682243,1.4285714285714286,0.2857142857142857,-0.3752149133153884,28.84968934727705,,0.0,72.0,120.13187204661979,113.25117219535478,51.72982730961249,0.4372416976434624,55.23108672596754,13.480055020632737,1.000810148179291,10.41428723164511,7.810715423733832,57.4763235193496
R. Escobido,SSCR,70.66666666666667,3.0,30.21666666666667,0.2526267581327643,16.421542017064052,0.12401756465194387,0.1295896864313177,-0.005572121779373847,10.333333333333334,8.133333333333333,38.08653260207191,36.507936507936506,0.7617306520414382,0.09523809523809523,8.30819719044465,5.797544900777434,11.680347814801594,4.330329123685725,16.242418089993144,10.303967027305513,2.1651645618428623,5.151983513652756,2.0,1.5,1.4008164629585644,29.7801829930381,,0.0,70.66666666666667,92.8871177733063,105.80631341904515,42.833589347779615,0.5395559837786791,41.649963871440804,5.909797822706065,0.6256075418983653,1.4222661363217823,1.0666996022413366,61.58115446885373
M. Gojo Cruz,UPHSD,69.0,3.0,27.01666666663333,1.0072636011508422,35.79964020130402,0.8078096466244403,0.6347759336947574,0.17303371292968298,20.333333333333332,15.56666666666667,71.19386637458926,66.66666666666666,1.4238773274917853,0.24242424242424243,10.281719103446779,2.6676892808942996,18.330836344430832,4.058698835849181,17.29979096089165,13.181019332161686,2.0293494179245903,6.590509666080843,2.0,1.6666666666666667,1.3129468881141433,21.683971839394907,,30.845157310340337,69.0,143.14474088995198,89.6254545875852,58.616877916945285,0.6529391440500387,55.32923080472801,20.108695652173914,1.0393889167439332,20.073802250719133,15.05535168803935,49.276876183437004
S. Estrada,CSJL,68.5,2.0,30.3833333333,0.4627311940785054,26.12591936531239,0.29799628654104354,0.282031028419496,0.015965258121547508,19.0,12.600000000000001,61.47540983606557,54.166666666666664,1.2295081967213115,0.5,14.847871186484928,10.532089961613309,17.44773939423892,4.504624242149727,18.343294761490455,11.825922421948912,7.207398787439563,18.92147587511826,0.625,0.125,-8.160315084289262,29.311717165025097,,67.16894108171753,68.5,109.01219957000954,103.41790866473305,52.841267617920195,0.545879253171048,54.471234962129444,15.89041095890411,0.7288168464852351,6.265355854348472,4.699016890761355,55.49852475168791
T. Felebrico,SSCR,66.66666666666667,3.0,28.849999999999998,0.573090944462595,24.12921777434796,0.4280686882404917,0.390876871490881,0.03719181674961069,18.333333333333332,12.066666666666665,56.95812807881773,50.0,1.1391625615763545,0.68,17.403537268949915,12.144366152639503,24.467325925170762,2.8346644646310737,9.078323233698736,12.054001928640307,2.267731571704859,9.643201542912246,1.25,1.25,-0.7335875931091501,16.338950818100855,,0.0,66.66666666666667,123.25746761805864,102.18771978659525,59.92582937953828,0.6224462052290807,57.06194033760168,11.81959564541213,0.9617290230673694,12.974602543196752,9.730951907397564,58.795906445441695
M. Guadana,LPU,64.33333333333333,3.0,29.21666666666667,0.5610212015296839,23.68540348060085,0.3074410999717039,0.3709542180927044,-0.06351311812100051,16.0,12.200000000000001,56.46589902568645,51.28205128205128,1.129317980513729,0.358974358974359,8.019724703854957,2.226148901534651,14.1629128390739,5.705753669058556,21.826515578675494,16.350555918901243,3.4234522014351336,9.810333551340745,1.6666666666666667,0.5,0.7383008030025947,24.83062016043156,,27.164316953250207,64.33333333333333,110.6003927308037,110.6918271729901,48.43390277712775,0.49587330941051044,50.486802627384044,11.141678129298487,0.8683836407446771,8.759409488130641,6.569557116097981,58.420561536147254
Y. Andrada,SBU,59.666666666666664,3.0,30.327777777766666,0.6016317750008755,24.111224045636963,0.5610693392652912,0.4096341554147405,0.1514351838505507,16.0,11.733333333333333,63.78935939196525,64.0625,1.275787187839305,0.34375,11.580580839827965,5.724491665142232,16.564486520411567,1.2089665300373986,4.905134695001228,4.562043795620438,3.022416325093497,11.405109489051094,0.4,0.2,-4.129890406931472,21.0931511465919,,61.88639637991603,57.279999999999994,120.64520151705855,92.58055751187932,50.86366542122875,0.5606265285048405,56.17054425175507,17.584745762711865,0.8683836407446771,10.936167290151422,8.202125467613566,55.143517219293386
V. Cunanan,LPU,58.0,3.0,25.227777777766665,0.574747408350716,26.08415711233801,0.37446977908444107,0.38284155867571273,-0.00837177959127164,15.666666666666666,11.433333333333335,61.802232854864435,61.36363636363637,1.2360446570972887,0.3181818181818182,8.624351446010845,7.73440898910541,9.567997327039881,7.268710504327544,26.041837922454768,28.147389969293755,1.9823755920893302,7.6765609007164795,3.6666666666666665,2.3333333333333335,5.55774179683997,15.78359043706976,,31.459401642194628,58.0,128.52080492003904,106.16838669241025,58.601968557705405,0.5995000591418392,55.369469717980564,9.491059147180193,0.8547795013692765,12.817579226839847,9.613184420129885,50.4445274644472
J. Ancheta,CSB,55.0,3.0,20.955555555566665,0.377238321414688,22.881225228681668,0.4518225038497936,0.2579765349309171,0.19384596891887648,10.0,7.599999999999998,58.76068376068376,56.00000000000001,1.1752136752136753,0.28,4.8299638074686415,1.744153597141454,7.474943987749089,6.110191256497559,22.04363379854287,17.039922103213243,5.237306791283622,14.605647517039921,1.1666666666666667,0.8333333333333334,-2.1685943187025494,24.145688509571713,,0.0,52.8,111.9855439023119,81.69093240995903,49.74830288726537,0.6019253283028712,50.639504021607394,9.846827133479213,0.6104100091374772,7.994124430494673,5.995593322871005,38.18756623783378
J. Guiab,JRU,54.666666666666664,3.0,27.622222222199998,0.8029055415127772,30.295142459074583,0.4513598618258085,0.5193170269937502,-0.06795716516794166,18.333333333333332,14.066666666666668,63.858695652173914,57.14285714285714,1.2771739130434783,0.7142857142857143,14.267087809973868,8.045052292846377,21.34055976628723,3.2832995470013135,15.138008174542495,10.91703056768559,2.626639637601051,8.733624454148472,1.25,0.75,-0.8496906220103928,21.876060440855966,,28.732329617308483,54.666666666666664,128.6438615488865,111.39506358424741,63.47953528450695,0.5091226327021637,59.52377912059759,15.495207667731629,0.9617290230673694,13.766832858727973,10.32512464404598,50.761943673060784
K. Gurtiza,EAC,52.666666666666664,3.0,25.227777777766665,0.31730296596931434,19.24694069498264,0.23106304145726594,0.15445942958131603,0.07660361187594991,10.333333333333334,9.233333333333333,48.032936870997254,44.73684210526316,0.9606587374199451,0.34210526315789475,5.505395287384059,3.697653551228099,7.286552586243608,5.337692067697428,28.800599052479363,14.619883040935672,2.0016345253865353,5.482456140350878,2.6666666666666665,0.6666666666666666,2.9008356804398,26.491218191422334,,54.329558757079525,50.559999999999995,97.28224362914602,97.58609973439695,43.08642477660963,0.4224194286355968,48.26543786837267,10.714285714285714,0.6256075418983653,3.381177091728344,2.5358828187962583,49.959170233981155
M. Cuenco,MU,52.0,3.0,30.30555555553333,0.14531949312543535,14.032746264150386,0.3204829672962007,0.21519435657111924,0.10528861072508143,10.0,7.0,50.22321428571429,50.0,1.0044642857142858,0.07692307692307693,5.689181073995132,4.223648029333987,7.401252387851612,6.921027514776336,26.93602693605112,27.985074626865675,2.307009171592112,9.328358208955224,3.0,0.5,4.47776093057989,15.445734228843781,,0.0,52.0,107.87331863074368,96.82179837736369,43.13840638186369,0.4402848429962996,46.42182346681492,8.0,0.6104100091374772,1.350639936476755,1.0129799523575662,57.79488654625391
J. Puno,SBU,50.666666666666664,3.0,25.383333333333336,0.2914039545101535,18.511686783524734,0.3546371812311775,0.16146419094107078,0.1931729902901067,12.0,7.666666666666665,47.782874617737,40.0,0.9556574923547401,0.7,17.609929987949776,10.94331363536879,23.28364603269955,1.4444623084858261,4.936126522795031,6.218905472636817,2.8889246169716523,12.437810945273634,0.5,0.75,-3.588622412929926,18.16657525554396,,0.0,48.63999999999999,103.29481208180962,85.88636034390841,48.85847593117472,0.7124930808431231,52.96643157283084,12.711864406779661,0.6998542122237652,12.427306313525284,9.320479735143962,46.15327535721631
C. Hernal,AU,50.5,2.0,22.99166666665,0.3256542456095139,25.054832193017702,0.2666237199274258,0.14358429851302099,0.1230394214144048,16.0,10.149999999999999,48.324742268041234,50.0,0.9664948453608248,0.6666666666666666,22.34445510996605,18.692654479123796,25.839189047008638,3.2676052054636187,11.111191802419446,15.368852459016393,1.0892017351545396,5.122950819672131,3.0,4.0,1.9897154280448643,15.507389367123778,,0.0,47.529411764705884,113.53719666978321,84.40901902184999,59.06694428473983,0.7580533036200815,58.46623046203612,11.421319796954315,0.6406829830504491,19.445688553277744,14.584266414958307,45.905178431345256
J. Boral,UPHSD,50.0,3.0,20.866666666633332,0.32209827109477995,21.162132985647634,0.2852387658058346,0.16723413633295783,0.11800462947287678,9.666666666666666,7.1000000000000005,40.96045197740113,35.483870967741936,0.8192090395480226,0.3225806451612903,15.974440894594208,12.088766082395617,20.082154267489862,3.503275193244896,13.0335614206858,9.66183574879227,1.751637596622448,4.830917874396135,2.0,1.0,1.133273112691054,26.568815125607323,,79.87220447297105,50.0,100.89524809210788,91.46607033502197,47.227950938472986,0.6105266838145688,46.01210188183965,7.7898550724637685,0.5950852744908703,6.708035522531519,5.03102664189864,38.059623060851756
H. Pagsanjan,EAC,48.666666666666664,3.0,25.250000000033335,0.17893980053891595,15.568105598452096,0.1939608043628439,0.040432444523286974,0.15352835983955693,11.666666666666666,7.366666666666666,46.811740890688256,44.44444444444444,0.9362348178137652,0.2222222222222222,10.38992788166334,2.4629328604469727,18.200349446685347,1.9998729108392201,11.621600681775721,6.590509666080843,1.9998729108392201,6.590509666080843,1.0,1.0,-1.2421211527443603,24.088511570158456,,27.140871981899206,46.72,88.92981591805741,89.79986881903613,44.80604189289858,0.6056221232776968,46.1037294554907,10.294117647058824,0.6852226948341995,7.037182819401354,5.277887114551016,50.00317743092801
S. Orgo,UPHSD,48.333333333333336,3.0,27.122222222233333,-0.020200039696597522,10.320998609707361,0.12289474644653456,0.017473525916325946,0.10542122053020861,7.333333333333333,4.3,40.91653027823241,41.66666666666667,0.8183306055646481,0.041666666666666664,7.510583094357158,3.985960561133037,11.2366126294798,8.085805997010295,26.733004121325234,27.624309392265197,4.716720164922672,16.114180478821364,1.7142857142857142,0.42857142857142855,1.3078370989120411,17.18347243386762,,0.0,48.333333333333336,87.10406336138722,95.80843004058077,35.85172767500826,0.510467690732176,41.9096787376626,5.615942028985507,0.48372408956048846,-0.022224780411400066,-0.01666858530855005,49.46940356321917
G. Cometa,CSB,47.333333333333336,3.0,18.733333333333334,0.24287195246654064,19.50634563092076,0.2624068258441544,0.1343326147308365,0.12807421111331793,7.0,5.800000000000002,47.40834386852086,46.55172413793103,0.9481668773704172,0.20689655172413793,8.104369876237266,9.755260036211524,6.689321167687902,3.9057179155263535,15.31675039823551,9.842519685039369,4.8821473944079425,12.303149606299213,0.8,0.4,-4.245222745481352,29.03886185921757,,0.0,45.44,98.57026314968526,87.86505878491354,48.32642684398028,0.45491702196965567,47.45465308967481,7.2210065645514225,0.46713797772820015,-1.2672184505475173,-0.9504138379106379,34.137983391809975
J. Payosing,SBU,47.0,3.0,21.8166666667,0.3209424771187008,20.676293032965667,0.3330895386685142,0.20491441194752913,0.12817512672098508,11.333333333333334,7.1000000000000005,51.91029900332226,52.38095238095239,1.0382059800664452,0.3333333333333333,13.171412765713129,11.140819964332353,14.899576851994635,3.3612163419718137,13.40446636816585,12.87001287001287,2.52091225647886,9.652509652509652,1.3333333333333333,0.6666666666666666,-0.5219129044006807,18.978008720772483,,86.02949779407223,45.12,110.43265700945686,90.32485042483314,55.40544063411289,0.6118001718557982,52.55031688112771,9.110169491525424,0.6704862763458462,7.988352538628237,5.9912644039711775,39.66817954214607
C. Pagaran,UPHSD,47.0,3.0,26.805555555566666,0.22113468923250457,16.347221455218445,0.28824924664494955,0.19880716418104025,0.0894420824639093,8.666666666666666,7.033333333333332,48.58657243816255,46.666666666666664,0.9717314487632509,0.3,6.908462867009226,1.344349530877471,12.790525536634226,3.408886431554755,12.415933781679819,11.916110581506196,2.0453318589328533,7.149666348903717,1.6666666666666667,0.3333333333333333,0.4410957317366879,20.439055037787867,,62.17616580308304,47.0,104.42515645496083,97.15954324084898,47.28147689130058,0.4793346120546767,47.924203608108954,8.514492753623188,0.5482904938570397,2.5186754578865784,1.8890065934149338,48.89182142411587
L. Capulong,AU,46.0,2.0,19.3,0.294068645753926,26.13290098355936,0.25143429987940524,0.15856064215974783,0.09287365771965744,13.5,8.500000000000002,49.81884057971015,50.0,0.996376811594203,0.3684210526315789,16.939019529693105,4.948477615415963,28.41383921109811,3.892626408405695,16.041771514846502,11.961722488038278,0.0,0.0,inf,inf,4.740608692549051,24.691124140783607,,0.0,43.294117647058826,112.62835242485892,86.51999768088152,55.81861126512493,0.7110765107263629,51.51601131255688,9.644670050761421,0.5640317198367825,20.28778070918633,15.215835531889747,38.534394072878825
J. Sanchez,CSB,45.0,3.0,20.883333333333333,0.1520089492539544,15.69690324023062,0.28745420203632505,0.08938820232481945,0.1980659997115056,8.666666666666666,5.233333333333332,52.367941712204,44.44444444444444,1.04735883424408,0.5,11.308891050143624,7.0007420786603385,15.001590168557868,1.7518064393661696,5.617283257125524,6.675567423230974,5.255419318098509,20.026702269692922,0.3333333333333333,0.3333333333333333,-7.616329394925843,19.878176071840358,,117.82745033965728,43.199999999999996,96.42310924064039,81.09218324529063,47.49791361730807,0.6161817745222733,50.364071363985225,7.2210065645514225,0.5482904938570397,2.8795074043999853,2.159630553299989,38.055954795318414
L. Mangubat,MU,44.0,3.0,24.811111111133332,0.039101748485655466,11.875904806844117,0.1460161037972472,0.021728270338291812,0.12428783345895537,7.333333333333333,4.766666666666666,51.93905817174516,50.0,1.0387811634349031,0.07142857142857142,7.643961270589382,3.8692342140583347,12.053689140368645,2.8178985738948654,11.540680900159792,9.784735812133073,5.635797147789731,19.569471624266146,0.5,0.375,-7.292487199962238,22.531920730141128,,0.0,44.0,87.38072928361599,93.05198971271923,32.166118769379736,0.5290887887328207,45.4363261272928,5.2727272727272725,0.48372408956048846,0.7114461400409633,0.5335846050307225,47.31658355930164
C. Hubilla,MU,44.0,3.0,20.927777777766668,0.11221137846244403,14.412432238539404,0.22654291334959825,0.0972866194142679,0.12925629393533036,8.333333333333334,4.966666666666666,45.48762736535662,35.0,0.9097525473071324,0.85,14.829325448778047,9.174409344310686,21.43553585119319,2.5055883390693703,9.78154548419288,8.700696055684453,3.340784452092494,11.600928074245937,0.75,0.5,-3.2421271404709793,22.80158959240472,,0.0,44.0,95.56900863151075,90.18633511425682,48.289147305190575,0.5965939217779399,52.74968575583901,4.0,0.53239713749995,5.841285777876654,4.380964333407491,39.910785998126954
L. Velasco,SSCR,43.333333333333336,3.0,17.983333333333334,0.4010262822769099,25.7609235843668,0.3211336837895908,0.2926656361951638,0.02846804759442698,12.333333333333334,8.033333333333331,64.4699140401146,60.0,1.2893982808022921,0.9,15.821250887037042,12.988506524695074,19.62601537371204,2.7285287423223656,8.37725575063702,17.68867924528302,0.0,0.0,inf,inf,3.5306027534900988,10.030680037234228,,155.90759876313305,43.333333333333336,155.52105378707,101.46604043365512,77.5910683495593,0.6389775340981061,65.09770130493902,6.998444790046657,0.7143844592397374,13.183477245377766,9.887607934033324,36.64978801538509
C. Abis,UPHSD,42.0,3.0,24.127777777766667,-0.06715645084824087,8.955144376628695,0.023225475917401435,-0.05657450696059343,0.07979998287799486,6.0,3.366666666666667,34.63476070528967,31.666666666666664,0.6926952141057934,0.13333333333333333,13.815335021880642,14.935497320952045,12.631163448576586,3.02977242132463,10.512713813273908,9.578544061302681,4.544658631986945,14.367816091954023,0.6666666666666666,0.16666666666666666,-4.900499437327609,23.198949766952847,,34.538337554701606,42.0,80.38441912643849,97.23151717938458,37.86507576155898,0.47767614976542244,41.517601472860335,2.717391304347826,0.4161358043205629,-6.521503427306078,-4.891127570479558,44.00770579165791
N. Gonzales,SBU,41.5,2.0,24.725,-0.015736336795423522,10.180363256647093,0.0940473777413944,0.0009761125242068927,0.09307126521718752,8.5,3.8,50.0,50.0,1.0,0.0,11.622095928779796,8.426019548365351,14.342160933387833,5.560960808452765,18.617258943731198,22.727272727272727,6.673152970143318,27.27272727272727,0.8333333333333334,0.3333333333333333,-5.526260803733344,15.768640722392227,,0.0,39.839999999999996,85.53122175346843,90.90990801614598,33.17172590903233,0.5985273809471086,45.01691566713724,4.237288135593221,0.39867352517108046,1.9768470493033308,1.4826352869774981,44.95626000816178
League,League,41.14436443722307,2.7695739428,20.105080228551607,0.17268815918794905,17.053613084509493,0.174806990042153,0.11902432555279271,0.0557826644893603,8.40481383781598,5.67947216139226,48.796847083846515,44.82224134252805,0.9759369416769303,0.33661161628057196,10.273124574964472,6.458845661859616,14.087403487885048,4.330688308788064,16.09011567976387,14.589698529058314,3.411090978469608,11.491658018904918,1.2695903850477288,0.5833656807148303,-0.9979267432472935,21.13687260585798,1.98991341063514,38.01795623655513,40.422533482184065,100.59599330315419,97.84133202890692,46.14804657162711,0.54146146375158,48.41706716897433,5.965018510585327,0.5046456134139555,4.840329696510164,3.630247272382623,38.29145155616963
N. Montecillo,CSJL,41.0,2.0,18.375,0.11074840300178786,16.877259592750846,0.1311717853767561,0.08478401300858524,0.04638777236817089,8.0,4.699999999999999,41.82156133828997,38.88888888888889,0.8364312267657993,0.4444444444444444,11.457214464733262,0.0,18.359150889271373,8.938155094889735,28.107158541941153,33.78378378378379,1.4896925158149559,5.630630630630631,6.0,3.0,8.674200815535281,15.289058767319636,,0.0,41.0,107.27537716600798,96.05433804028448,49.88322827285994,0.716000961544924,46.84979909326848,6.027397260273973,0.38095238095238093,15.494922621625562,11.621191966219172,33.563973416787185
M. Sangco,CSB,41.0,3.0,21.377777777766667,0.12831348124272035,14.84146721358631,0.3214186543214559,0.1459548394459457,0.17546381487551016,8.0,5.033333333333332,53.57142857142857,53.57142857142857,1.0714285714285714,0.0,8.68004410514983,6.838822628299867,10.258233942449799,3.422578173378823,10.62789610169426,20.0,1.7112890866894113,10.0,2.0,1.5,1.0628817268911908,11.112112024318485,,0.0,39.36,116.59440287477703,84.35784858777812,54.256373895511345,0.5384250358527147,47.36851368255905,7.87746170678337,0.5163440020627684,4.796862232811927,3.5976466746089453,38.956986978533955
J. Jabonete,MU,40.333333333333336,3.0,16.972222222233334,0.09987997846120521,14.762888838760544,0.09401694891157929,-0.05431540753268528,0.14833235644426457,6.666666666666667,4.099999999999999,36.09422492401216,34.0,0.7218844984802432,0.12,14.2220215587694,9.427168576098575,19.82348532357177,2.0596947677606385,8.86917960087905,6.385696040868455,3.089542151640958,9.578544061302683,0.6666666666666666,1.3333333333333333,-3.3314492466283956,26.186579378051597,,84.77669582822459,40.333333333333336,78.91102629151042,83.89137350518365,37.104170906317854,0.7448819328880047,41.51304817730947,4.181818181818182,0.45035314714436947,4.531026509781152,3.398269882335864,32.36725543520638
R. Gabat,SSCR,40.0,3.0,24.894444444433333,0.06648063847774266,12.609235661776243,0.0930571328392648,0.16126408097543982,-0.06820694813617502,7.0,5.033333333333334,46.14093959731544,45.588235294117645,0.9228187919463088,0.11764705882352941,6.722946443330897,5.864175912248483,7.876393137039629,0.0,0.0,0.0,1.314029240333473,5.296610169491526,0.0,0.5,-2.5504488089829396,19.59948681688259,,37.541686914861785,40.0,102.95016218970142,112.08170348457526,47.55768012641265,0.3958071893424083,45.84432787236633,2.7993779160186625,0.46713797772820015,-2.241449105277934,-1.6810868289584506,50.734538182535466
W. Oftana,EAC,40.0,3.0,21.8111111111,0.10044482357357402,13.905493052210698,0.14012067933544242,-0.06007752136304797,0.2001982006984904,9.333333333333334,5.366666666666666,48.732943469785575,50.0,0.9746588693957116,0.47058823529411764,12.028074941988354,2.851255693008653,21.069940966718356,0.7717288486823642,3.320141305215979,3.770739064856712,3.858644243411821,18.85369532428356,0.2,1.0,-6.231170683480625,16.737129339926927,,188.52052443905896,38.4,76.91913570220082,81.87411828165297,31.663251252245107,0.7921075834822099,51.66441360716054,6.722689075630252,0.5796278292599885,10.323626273431858,7.742719705073894,43.193063716933814
J. Recto,MU,40.0,2.0,16.3416666667,0.15357401104106322,20.26468420780951,0.17144191154022662,0.07345419752347816,0.09798771401674845,9.0,5.25,67.56756756756756,75.0,1.3513513513513513,0.25,7.912922681937121,0.0,17.156991235601982,8.021886174783319,34.223134839057565,29.620853080568715,4.813131704869991,17.772511848341228,1.6666666666666667,1.0,1.0379987198812501,16.52969605809293,,66.03590151832417,40.0,105.10446535950501,83.2662278039148,43.78222511794021,0.759608251879617,57.5467170737825,3.8181818181818183,0.4161358043205629,13.006658851946726,9.754994138960045,31.164740380619126
M. Vinoya,AU,37.5,2.0,24.93333333335,-0.010340373918355029,10.403205516526477,0.004726806051493615,-0.08612043120437538,0.09084723725586899,9.0,4.050000000000001,47.2972972972973,47.5,0.9459459459459459,0.25,14.985014985004968,1.915219611847545,27.4926686216825,1.0043808781040067,3.733200597308762,3.3112582781456954,7.030666146728047,23.17880794701987,0.14285714285714285,0.14285714285714285,-11.620195237677642,25.27560799953991,,0.0,35.294117647058826,74.36404003752038,91.09323949581538,36.52013150499418,0.6093055938703844,46.3753773856875,7.3604060913705585,0.4161358043205629,4.346476306659631,3.259857229994723,49.781911513873276
S. Argente,JRU,37.333333333333336,3.0,16.5722222222,0.3461161813568833,24.81316509275766,0.15386119568519485,0.16854002931611434,-0.014678833630919498,8.333333333333334,6.633333333333333,49.707602339181285,46.875,0.9941520467836257,0.15625,11.890036974728147,6.70465973852726,17.784992148514416,3.2835196810658975,16.290452738867263,7.281553398058252,4.378026241421196,9.70873786407767,0.75,1.0,-4.248737954379424,34.13895168995368,,0.0,37.333333333333336,101.63455993418746,107.52860163651634,39.48164626898916,0.5992193051298819,46.34017538735015,5.9105431309904155,0.53239713749995,12.048678353887327,9.036508765415496,30.455124291363457
E. Pizarro,UPHSD,36.0,3.0,14.233333333333334,0.27990830746225176,23.996011662742998,0.23965653000561993,0.10165105221281409,0.13800547779280584,7.333333333333333,5.299999999999998,65.40697674418605,66.66666666666666,1.308139534883721,0.3333333333333333,5.204267499349466,7.595417431483004,2.6764804282368684,2.567974556168386,10.124019235636549,10.121457489878544,5.135949112336772,20.24291497975709,0.5,1.75,-6.645704623358003,18.496519057871744,,58.548009367681495,36.0,104.22562084939631,81.5431814063336,52.6310616392774,0.8391752394379016,56.901762874879076,3.9855072463768115,0.48372408956048846,9.385299498671543,7.038974624003657,25.960797199695943
Z. Jarque,CSB,35.0,1.0,7.7,0.13999494168818596,47.364134128993996,0.07676941569791472,0.05231728786643156,0.024452127831483157,9.0,6.0,121.52777777777779,125.0,2.430555555555556,1.0,26.289499973710498,28.480291638186372,24.41167854701689,0.0,0.0,0.0,14.253334211206562,40.98360655737705,0.0,0.0,-26.558239513475176,28.228612892238893,,0.0,33.6,121.86112286300035,80.9837292970163,50.104316609513525,0.6187641044395283,92.13272477483564,3.063457330415755,0.24743582965269675,18.810219930686593,14.107664948014945,14.031804561402321
M. Igliane,MU,34.666666666666664,3.0,20.505555555566666,-0.0928500101553778,7.786212076745463,0.11072044077614218,-0.007026812016505401,0.11774725279264758,6.666666666666667,2.433333333333333,39.55696202531646,35.0,0.7911392405063291,0.6,15.97548557067119,9.363316174473388,23.699982528846192,3.4095732947761914,11.79593040400366,19.37984496124031,3.4095732947761914,19.37984496124031,1.0,0.25,-2.205923044909434,12.300854961159523,,0.0,34.666666666666664,84.08386747723131,91.2523304734904,39.16918672429933,0.5714826754368234,49.020269911200636,2.909090909090909,0.45035314714436947,4.386210403019873,3.2896578022649043,39.105577679650814
K. Santos,CSJL,34.5,2.0,21.6416666667,-0.09284190469758799,6.508589254327353,-0.07504711977611969,-0.10948576974218464,0.03443864996606496,7.5,2.1000000000000005,51.369863013698634,35.714285714285715,1.0273972602739727,0.5714285714285714,15.286579946183906,3.6965729688044715,22.268511860267903,3.7944998044284772,11.246397638237877,15.182186234817815,10.118666145142605,40.48582995951418,0.375,0.0,-14.729774969754205,18.50052644444665,,235.75082709212194,34.5,66.2003036272256,99.4917957191872,27.31502875516485,0.6365848463716386,46.066790914618096,3.835616438356164,0.362951962967582,-3.0358044310266425,-2.276853323269982,39.530902024276905
R. Go,CSJL,34.0,2.0,16.275,0.32718432202526126,31.024008825523048,0.2388568163902559,0.27779736688486856,-0.03894055049461266,11.0,8.049999999999999,85.61643835616438,85.71428571428571,1.7123287671232876,0.5714285714285714,14.783502535139693,29.49308755760369,5.922306738474637,3.3638218099047386,12.84985744689395,17.006802721088434,1.6819109049523695,8.503401360544217,2.0,0.0,1.0881613926298739,14.3261533764439,,0.0,34.0,165.94677784142328,114.16694624476972,81.285176431028,0.2975425793270637,73.3352826424255,8.767123287671232,0.48372408956048846,6.7848308010795835,5.088623100809688,29.728090740582935
N. Lucero,EAC,34.0,3.0,14.450000000000001,-0.1242359200286425,5.059580178602736,-0.06170053113070971,-0.12540397084211788,0.06370343971140817,3.0,1.3666666666666665,31.948881789137378,11.11111111111111,0.6389776357827476,0.8888888888888888,5.339826562433252,0.0,10.60112626365425,12.81348791202599,50.161428597486456,26.803118908382068,5.824312687284541,12.183235867446394,2.2,0.2,5.064473212176598,29.73789157002446,,47.42609117950585,32.64,71.37904056557352,94.07633506446952,34.64515136689348,0.5050008922577234,41.321699605956645,-1.050420168067227,0.24743582965269675,-3.677323721029131,-2.7579927907718482,28.6156797574636
N. Ochavo,EAC,32.666666666666664,3.0,13.766666666666666,0.06841762362792965,14.149768123296335,0.06638890517765625,0.03170820498369268,0.03468070019396356,4.666666666666667,3.8000000000000003,37.61574074074074,12.5,0.7523148148148148,1.0,4.4839027889875345,2.258682375049691,6.676399373308646,14.672191089227207,55.051932322824534,37.174721189591075,3.668047772306802,9.293680297397769,4.0,0.3333333333333333,11.391123162289288,21.072557428745665,,0.0,31.359999999999996,90.34444883864616,98.90936172228288,39.57238203606612,0.39128431788260015,44.534724531933236,4.831932773109243,0.3446487693047804,1.9567200034922747,1.467540002619206,27.26245845405413
A. Gelsano,UPHSD,32.333333333333336,3.0,13.533333333333333,0.12968512775714175,17.240372088469332,0.1479487733882272,0.075108722701065,0.07284005068716219,6.666666666666667,3.6333333333333324,62.5,61.111111111111114,1.25,0.5555555555555556,15.0519978106185,10.651045133803754,19.704433497536947,5.401601652630053,18.700327255726975,19.801980198019802,6.752002065787567,24.752475247524753,0.8,0.2,-6.1157669702023,17.744505410248582,,61.57635467980296,32.333333333333336,99.13819397052526,92.13624055698224,46.893841104272994,0.5950842603052249,58.21998628809163,4.166666666666667,0.45035314714436947,5.076450671177802,3.807338003383351,24.68403668167811
H. Ricio,SSCR,32.333333333333336,3.0,17.400000000000002,0.028614273704595006,11.921813987475785,0.0829469662897617,0.11068492433091634,-0.02773795804115465,5.666666666666667,3.2999999999999994,50.63965884861407,47.05882352941176,1.0127931769722813,0.23529411764705882,7.69489732121387,6.711972480912828,9.015100292990759,1.8800016047035968,5.9781796442983115,8.417508417508417,2.820002407055395,12.626262626262625,0.6666666666666666,0.6666666666666666,-3.040804893850429,16.15938380467345,,0.0,32.333333333333336,104.65350834017586,109.26818427053126,47.06642443636464,0.4602557719673585,47.9903350708893,1.5552099533437014,0.39867352517108046,0.01374140185357782,0.010306051390183365,35.4609626395385
I. Panapanaan,JRU,31.666666666666668,3.0,24.438888888866668,0.04968375505620847,12.182096126343303,0.011812827851698515,0.09713883008632145,-0.08532600223462293,7.666666666666667,4.766666666666666,35.31073446327684,12.5,0.7062146892655368,1.75,12.900379284600593,15.154959460497222,10.337277610949684,5.9375550253029274,18.8772617483273,31.79650238473768,2.226583134488598,11.92368839427663,2.6666666666666665,0.6666666666666666,3.3612903396741096,10.3992829046765,,97.42473938891072,31.666666666666668,100.80409504010026,113.92729924040015,51.11163447117018,0.4501162311116702,58.7243461084773,2.3961661341853033,0.5001227174488009,0.4584584071186159,0.3438438053389619,44.91186448466835
T. Valencia,AU,31.5,2.0,27.83333333335,-0.12439427045549321,6.328398497927097,-0.07073370162146347,-0.11946774345814794,0.04873404183668447,3.5,2.700000000000001,37.53753753753754,35.41666666666667,0.7507507507507507,0.25,5.872869645321218,1.7156697840264232,9.85126521150656,1.7994656211301776,6.25997299619023,5.945303210463734,4.498664052825444,14.863258026159334,0.4,0.2,-6.026534283997371,24.534112761664872,,41.04693838127733,29.647058823529413,71.0323932245946,98.50075915534492,34.85609237802396,0.44446190139008485,42.13513461026559,2.5380710659898478,0.20492938431708813,-6.894722235541124,-5.171041676655843,55.57205362845093
J. Ongotan,AU,31.5,2.0,23.275,-0.07698876269474007,7.4956731897652515,-0.055758118950089135,-0.10208953579706254,0.0463314168469734,3.0,2.7500000000000004,29.282576866764277,26.923076923076923,0.5856515373352855,0.11538461538461539,6.019758973572078,4.10335630408284,7.853735721792963,3.2278276984846372,11.360851841126284,9.578544061302683,1.0759425661615456,3.1928480204342273,3.0,2.0,1.96549404438661,26.260480137402787,,0.0,29.647058823529413,71.36984311696268,97.56268749678733,35.7852136770993,0.4653373365040257,38.051685619276185,2.030456852791878,0.18255517264179213,-5.690915880875131,-4.268186910656348,46.47088197130852
J. Eusebio,CSB,31.333333333333332,3.0,10.4888888889,0.012765741690785152,11.635438796560942,0.14814512640852096,0.03878334607525175,0.10936178033326921,3.3333333333333335,1.7,39.41441441441441,37.5,0.7882882882882882,0.25,14.474541961145718,6.969223907218308,20.907671721654925,0.0,0.0,0.0,1.7439195989328542,5.330490405117271,0.0,1.0,-3.249445618435523,26.55476948569941,,0.0,30.08,93.59600831853109,78.68243885944034,41.8813675423135,0.6735587084147925,44.70786488171045,1.312910284463895,0.2677815834239758,7.183449864116853,5.38758739808764,19.11403103315703
J. Jumao-os,CSJL,31.0,2.0,14.23333333335,0.1542505516017771,21.711461664609214,0.08702897428338666,0.0775830309833805,0.009445943300006154,6.5,4.8,69.64809384164222,63.63636363636363,1.3929618768328444,0.5454545454545454,6.339032593185161,0.0,10.157726926429234,0.0,0.0,0.0,9.615843083630361,26.824034334763947,0.0,0.4,-18.663751754715946,31.28528125978897,,0.0,31.0,99.56217382579186,102.90888534673448,43.88554073260721,0.557639297431714,56.232402865456045,4.931506849315069,0.3260154781915736,5.089808146067186,3.8173561095503894,25.99876036097036
A. Aguilar,SSCR,30.666666666666668,3.0,14.538888888899999,-0.13874713483826928,4.426073954343718,-0.07468794137581039,-0.061538929906996415,-0.01314901146881398,2.6666666666666665,0.7666666666666663,30.911901081916536,30.0,0.6182380216383307,0.08,13.813766761572461,4.016411503668879,26.97295960797237,2.2499675299683477,7.193489891641376,6.693440428380187,2.2499675299683477,6.693440428380187,1.0,0.0,-1.455682220486399,24.77859659347704,,0.0,30.666666666666668,76.11533247859245,107.57440902697097,31.833060145727394,0.4990546588517273,38.4407904182417,0.6220839813374806,0.22651564095289925,0.6887059966965077,0.5165294975223808,29.630057224694497
G. Montano,LPU,30.666666666666668,3.0,19.372222222233333,-0.06375641426409248,8.614945924793478,-0.02779629048415941,0.05120223624355186,-0.07899852672771127,4.333333333333333,2.6666666666666674,41.866028708133975,36.36363636363637,0.8373205741626795,0.3181818181818182,4.319690710142676,5.03612721816634,3.5600209645658607,4.302632426951783,14.42989875020049,15.114873035066505,2.58157945617107,9.068923821039904,1.6666666666666667,0.6666666666666666,0.5567427477757986,20.554426204376576,,0.0,30.666666666666668,91.57337410565783,115.36762813592881,41.541014583405975,0.38875615859130824,44.680012397772316,-0.1375515818431912,0.3260154781915736,-3.2877649404036453,-2.465823705302734,38.7359760556498
J. Camay,AU,30.5,2.0,21.075,0.183361998947238,19.563952974708148,0.2416195482997846,0.18674292746435497,0.05487662083542962,10.0,7.0,74.3006993006993,72.72727272727273,1.486013986013986,0.09090909090909091,2.216052038116095,0.0,4.336790010076659,3.564777683617078,12.903878754143157,19.4300518134715,1.1882592278723594,6.476683937823835,3.0,3.0,2.1706701723890083,12.739485827894292,,0.0,28.705882352941178,142.44169226255772,95.16251337138111,62.38772133190819,0.518749758422966,55.157480647577366,6.598984771573604,0.45035314714436947,7.96884045745042,5.976630343087815,42.078360367146175
J. Medina,JRU,29.666666666666668,3.0,16.016666666666666,0.2505435839798863,21.300595292394828,0.10599510359645711,0.13389103356871979,-0.02789592997226268,8.666666666666666,5.533333333333334,61.30063965884861,58.82352941176471,1.2260127931769722,0.23529411764705882,9.841964702203677,2.3124060585038735,18.40188400240977,5.662353571861741,25.73395380755292,17.385257301808068,5.662353571861741,17.385257301808068,1.0,0.4,-3.6634250543117197,21.97059737339166,,99.10311679302313,29.666666666666668,104.3753010476779,109.63051230854123,47.49178855199922,0.5502403781806897,51.10571634814711,5.9105431309904155,0.5482904938570397,6.50747902211937,4.880609266589528,29.434168063063552
K. Monje,CSJL,29.0,2.0,16.25833333335,0.07331426470819179,15.351881252587836,0.08005582249491346,0.10989939603862708,-0.029843573543713624,5.5,3.95,54.76804123711341,41.66666666666667,1.0953608247422681,0.6666666666666666,7.399328665068739,4.920553562270713,8.892566678802492,1.6836350575953922,6.045111645647637,5.122950819672131,5.050905172786177,15.368852459016393,0.3333333333333333,0.0,-7.624938184842523,27.212330379017438,,0.0,29.0,105.04741420232331,112.1149370575011,50.045862333568934,0.3449504642162193,51.38805108592426,3.5616438356164384,0.2876240645017732,-1.788454441637252,-1.3413408312279391,29.69764722731017
I. Dimaano,CSJL,29.0,2.0,19.85,0.04614839571703688,13.156480488444437,0.1086035414539499,0.1342775585192477,-0.025674017065297792,6.5,3.9000000000000004,59.782608695652186,57.14285714285714,1.1956521739130437,0.7142857142857143,7.575614098217836,8.060453400503777,7.283542229370883,2.7579949600100564,8.968107168880668,16.393442622950822,1.3789974800050282,8.196721311475411,2.0,1.0,0.8921827035290275,12.275535219352982,,0.0,29.0,125.82009567855623,110.11777353755134,63.849827763105125,0.3910912411903355,59.83876988152807,2.73972602739726,0.3260154781915736,2.803928568619259,2.1029464264644444,36.258224344121125
RC. Calimag,SBU,28.666666666666668,3.0,13.5888888889,0.06419122742557955,13.984947680915194,0.16078462565122686,0.12223266097322627,0.038551964678000594,4.333333333333333,2.8333333333333335,44.73684210526316,44.73684210526316,0.8947368421052632,0.0,4.699203954846206,0.0,8.698526469608934,4.0472700045787064,16.270392224903553,13.636363636363635,0.0,0.0,inf,,5.027519155150274,21.37765339432183,,69.05924730939526,27.52,110.1469569997128,98.09631616265452,45.44822154458502,0.43549438363298737,42.89473684210526,3.1779661016949152,0.3260154781915736,1.96860264525682,1.476451983942615,24.708013027761737
P. Ramos,JRU,28.666666666666668,3.0,17.8,-0.018004731267132035,10.142293823091098,-0.04812355524799626,0.025973796666397306,-0.07409735191439357,4.0,3.0,41.18616144975288,28.947368421052634,0.8237232289950577,0.631578947368421,3.320971937787126,2.0807324178110695,4.730928444707274,9.171104127908649,33.840947546531304,22.912423625254583,6.114069418605766,15.274949083503053,1.5,0.3333333333333333,0.0,25.194366047180367,,44.58712323880864,28.666666666666668,88.13205052606143,115.57598087873693,41.22059273281424,0.41169849119469265,44.940260707858144,1.2779552715654952,0.307019980521012,-4.772456328782129,-3.5793422465865965,32.71143755603733
J. Bravo,LPU,28.5,2.0,20.70833333335,-0.14250879550929685,3.9038789785081023,-0.14978677855231803,-0.10770416275536668,-0.04208261579695134,4.0,1.1999999999999993,36.52597402597402,29.545454545454547,0.7305194805194805,0.2727272727272727,13.335241574962115,9.422387986447735,17.48421563864547,1.207507386139026,4.222626238926008,3.2637075718015662,6.03753693069513,16.318537859007833,0.2,0.0,-10.156018309625301,30.444721648071674,,0.0,28.5,72.7663882783159,112.83902008392194,33.53765281491782,0.4466836221887402,41.28418427370667,-0.2751031636863824,0.22651564095289925,-6.611661661404092,-4.958746246053069,41.40761420919645
I. Torres,CSB,28.0,3.0,12.116666666666667,-0.1395453341503934,3.1037380566082327,0.016919292805805022,-0.07474509116298263,0.09166438396878765,1.3333333333333333,0.4666666666666668,27.27272727272727,27.27272727272727,0.5454545454545454,0.0,4.176667464874226,3.0164820579647187,5.17111209936809,6.0385514952567005,17.937541480564672,22.22222222222222,4.528913621442525,16.666666666666664,1.3333333333333333,0.6666666666666666,-0.9376361497192065,17.154736903191605,,0.0,26.88,66.6423827213452,86.00167791876491,32.45271292454888,0.4992848318508147,35.38015891532322,0.2188183807439825,0.13468700594029479,-5.813572732999215,-4.360179549749411,22.08035046783439
J. Bancale,MU,27.333333333333332,3.0,14.566666666666668,-0.011907522372941634,10.272308467514584,0.10732992448589686,0.043901687075120294,0.06342823741077656,4.333333333333333,2.4333333333333336,42.08754208754208,36.36363636363637,0.8417508417508417,0.18181818181818182,10.652568452615796,8.787185354691076,12.831754314677386,3.599752583245349,12.919896640826872,17.772511848341228,2.3998350554968995,11.848341232227487,1.5,0.5,0.0,14.443844351967766,,0.0,27.333333333333332,95.55855429288965,94.66052244041965,37.68262673900766,0.491197196407246,43.43020557979126,2.5454545454545454,0.3260154781915736,0.8949531181852336,0.6712148386389252,27.779686988888894
A. Doromal,EAC,26.666666666666668,3.0,19.644444444466668,-0.3038446594423565,0.45697230522999516,-0.21866799426489902,-0.25161328273874645,0.03294528847384744,-1.0,0.33333333333333365,25.033377837116156,17.307692307692307,0.5006675567423231,0.34615384615384615,0.7855706385109263,0.0,1.5595887676319862,5.997922007764123,24.53454463881986,17.51751751751752,2.5705380033274814,7.5075075075075075,2.3333333333333335,0.6666666666666666,2.6609354445815354,24.000790394934207,,0.0,25.6,58.32163632963761,101.06346928288735,27.5991289872755,0.3406001917705539,36.472750114552746,-1.680672268907563,,-10.574013284531596,-7.930509963398697,38.90236202326249
J. Cajucom,CSB,26.333333333333332,3.0,11.983333333300001,-0.03290445514506515,8.980279420256887,0.13136623525222296,0.04019537214247882,0.09117086310974415,2.6666666666666665,1.7,30.737704918032787,25.0,0.6147540983606558,0.5,5.630852567402892,6.100090281353133,5.228648812588399,4.579304871763386,12.488968078233778,38.07106598984772,0.0,0.0,inf,inf,5.688412913889505,6.046184124362839,,0.0,25.279999999999998,111.39858018015549,85.89170824459026,55.87667962777702,0.5019032517804763,43.720018056270625,1.75054704595186,0.22651564095289925,2.114860839144978,1.5861456293587337,21.83737549701343
M. Raymundo,JRU,26.333333333333332,3.0,17.377777777800002,-0.22797156627842108,2.0305591773841365,-0.27199863174969335,-0.25946825051721045,-0.012530381232482912,2.0,0.43333333333333357,22.106109324758844,18.75,0.44212218649517687,0.08333333333333333,12.472755219013191,14.919011082674869,9.691748552955703,5.218850814468197,18.625056909868746,13.557483731019524,7.306391140255475,18.980477223427332,0.7142857142857143,0.7142857142857143,-7.428273577189193,27.170125210568767,,45.670442089821016,26.333333333333332,58.252638641993414,107.12416901802864,25.653243920482566,0.608643433348279,34.90720443147111,-1.597444089456869,0.18255517264179213,-9.723505434980568,-7.292629076235427,31.93551082253921
V. Sarmiento,JRU,26.0,2.0,15.19166666665,0.07954614032929912,16.08235025985957,0.023182572438661845,0.03253869008064356,-0.009356117641981718,7.0,3.8999999999999995,42.29323308270676,37.5,0.8458646616541353,0.75,21.401414330864483,14.62790272446293,29.101827525510462,3.58191230887445,13.353982547104284,13.661202185792348,3.58191230887445,13.661202185792348,1.0,0.5,-2.317422804518327,18.484192246018626,,78.36376459533713,26.0,93.42677280975991,107.6220613059636,48.07780606226114,0.5970414988208521,53.28010246767397,2.3961661341853033,0.3446487693047804,7.887131403393825,5.915348552545369,27.918048063946927
L. Gabat,SSCR,25.666666666666668,3.0,12.4333333333,-0.00941726234180346,10.31252822233041,0.05843031990203573,0.09831337678161234,-0.039883056879576606,3.0,1.8666666666666671,45.271629778672036,42.10526315789473,0.9054325955734407,0.10526315789473684,2.6921825748555017,4.696581280222372,0.0,1.3154971014181078,4.564646810469189,4.570383912248629,1.3154971014181078,4.570383912248629,1.0,1.0,-0.8510992786027772,21.69991689325641,,0.0,25.666666666666668,104.89265543667034,113.23074024193042,45.600653887802466,0.36948649104190906,44.0314946122689,-0.6220839813374806,0.24743582965269675,-5.176164390526219,-3.8821232928946645,25.33896372511954
M. Songcuya,SBU,25.333333333333332,3.0,12.005555555566666,-0.04214509549825269,8.46798772925286,0.07826900126375745,0.023873626999761293,0.054395374263996155,4.0,1.4666666666666666,35.86065573770492,25.0,0.7172131147540983,0.5,11.967639502773396,11.568718186014282,12.307147006398173,4.581037682183457,14.652444027648931,20.32520325203252,3.0540251214556378,13.550135501355015,1.5,0.0,0.0,14.976676119278729,,156.33402954073355,24.319999999999997,91.73170423094935,93.76346969143304,43.98662691816291,0.533790630200662,44.05023735683894,0.423728813559322,0.307019980521012,-1.2931540648524416,-0.9698655486393312,21.82911535282047
J. Nunez,UPHSD,25.333333333333332,3.0,17.2166666667,-0.2805747415881289,-0.09878471618677916,-0.028460926074066147,-0.08941963843182651,0.06095871235776037,2.6666666666666665,-0.36666666666666686,26.17801047120419,20.0,0.5235602094240838,1.2,11.831773690414868,6.2792705580580135,17.701562716049256,5.30747887454878,15.350372246496347,30.048076923076923,4.245983099639023,24.038461538461537,1.25,0.0,-1.37353140085594,10.022073243197545,,0.0,25.333333333333332,63.96264765431143,96.65862791655819,33.01582821426272,0.4908769729751493,51.194358336701846,-1.6304347826086956,0.22651564095289925,-2.5965992804723412,-1.9474494603542558,31.402228931308937
V. Cuajao,CSJL,25.0,2.0,22.725,-0.20829383983701238,1.6083252349308068,-0.09974887816662528,-0.02052146924660635,-0.07922740892001894,0.0,0.2999999999999998,30.555555555555557,30.555555555555557,0.6111111111111112,0.0,1.3234406147381654,3.5203520352035205,0.0,3.6136105581649915,11.489575603801134,13.636363636363635,1.204536852721664,4.545454545454546,3.0,0.0,2.337930912878046,19.97333034784606,,0.0,25.0,81.51643175102423,118.19561959431681,31.132431844061966,0.20446751728722887,37.62515841608251,-1.917808219178082,0.0,-9.650839009068772,-7.238129256801579,41.50973038892456
J. Bacud,EAC,24.333333333333332,3.0,10.033333333333333,0.18925622924845684,23.458040557787317,0.19456061951550135,0.11958295528850836,0.07497766422699298,7.666666666666667,4.3,60.0,60.0,1.2,0.0,23.07124400147656,18.594733971339316,27.48192300175884,5.032902757351193,22.03419707385863,37.5,0.0,0.0,inf,inf,6.251872247209934,7.128577177056064,,0.0,23.36,150.21418250032053,86.23776182888697,72.29034839509883,0.6894351524946123,52.718946794267865,7.563025210084033,0.5001227174488009,18.241658546850054,13.68124391013754,19.869249381768267
J. Morales,CSB,24.333333333333332,3.0,10.744444444433334,-0.16124142446347464,0.7653382676757228,0.04605539771982269,-0.044099268229544776,0.09015466594936747,1.0,-0.13333333333333344,32.16911764705882,30.0,0.6433823529411764,0.2,9.420177601758127,6.803461601269757,11.663077030748157,0.0,0.0,0.0,3.4048812852038477,15.527950310559005,0.0,0.5,-6.344315747279327,17.797995186674047,,0.0,23.36,72.15745725372022,83.88960305961503,27.81366490077894,0.5495741406592817,40.509471998952996,-1.75054704595186,0.10854795509308464,-2.710960823616551,-2.0332206177124132,19.579733060406944
J. Manuel,UPHSD,24.333333333333332,3.0,12.983333333333334,-0.09335864760528463,6.002262344374272,-0.015206199666849038,-0.042793141437330096,0.027586941770481058,1.0,1.2666666666666668,43.47826086956522,35.714285714285715,0.8695652173913044,0.7142857142857143,2.8526601055484235,2.7755611837768446,2.9341646799926644,2.815212157853404,9.843730773963333,7.874015748031496,7.03803039463351,19.68503937007874,0.4,0.2,-10.017610595607362,26.716730724658966,,0.0,24.333333333333332,79.28043096546953,100.13561065354344,40.99280310235874,0.4107584624836661,48.795604638097,-0.18115942028985507,0.10854795509308464,-9.717840887571896,-7.288380665678922,23.680867703235524
Z. Estacio,SBU,24.333333333333332,3.0,9.988888888866667,0.09415050451515954,17.135100580953004,0.16338715382508726,0.1316828996788858,0.03170425414620145,4.333333333333333,2.7000000000000006,65.40697674418605,66.66666666666666,1.308139534883721,0.3333333333333333,7.990998938813119,3.4760845383837067,11.833479279604108,7.341210553377557,25.479005299700617,33.670033670033675,1.8353026383443891,8.417508417508419,4.0,0.0,5.699532746354737,12.061447011212511,,0.0,23.36,137.45615174653952,97.23444060285762,56.382657666893635,0.45504714948775493,56.90305791475731,4.02542372881356,0.3260154781915736,7.610602629869885,5.707951972402414,18.16230884046625
M. Oli,CSB,24.0,2.0,6.04166666665,0.041809743000693136,17.774834490893106,0.08741755244518962,0.06124193821256766,0.02617561423262195,2.5,1.7000000000000002,43.40277777777778,25.0,0.8680555555555556,1.0,16.752757224672767,27.223230490093243,7.778065854312356,0.0,0.0,0.0,0.0,0.0,,,0.0,21.232257303561894,,0.0,23.04,122.72366163672442,88.72948611386639,60.62820486651701,0.4343346772199599,55.44464609801865,0.2188183807439825,0.15922388213724334,2.8512480168320717,2.138436012624054,11.009803362541795
M. Barrera,JRU,24.0,3.0,22.855555555566667,0.10482687478324992,13.89295116646908,0.06893307088742753,0.22075464097433659,-0.15182157008690905,6.333333333333333,5.300000000000001,53.14232902033271,47.368421052631575,1.0628465804066543,0.3157894736842105,4.3106441778742415,6.481931615618303,1.8422331960178338,3.1744414871501134,12.281764138947077,14.47178002894356,1.5872207435750567,7.23589001447178,2.0,0.0,1.0268988265994703,15.318747451187987,,34.72463365509806,24.0,117.39978473925649,121.66582287399238,52.736995296876934,0.2697924006135949,49.58379166354568,4.313099041533547,0.4333570896870438,-3.746246492992719,-2.8096848697445393,42.002139233958495
G. Quinal,EAC,23.666666666666668,3.0,15.049999999966666,-0.1576467319189788,3.801839841465135,-0.09106316726237401,-0.14280950695926437,0.05174633969689036,2.3333333333333335,1.000000000000001,36.95652173913043,36.95652173913043,0.7391304347826086,0.0,7.177720356030828,4.132163104751222,10.178490000673968,2.236845669938818,11.15897069657732,6.896551724137931,4.473691339877636,13.793103448275861,0.5,0.25,-5.5572197753100285,25.662877837458673,,0.0,22.72,66.21727347989518,96.55824636331049,27.588947774408197,0.44660385230950983,39.49061848163301,0.42016806722689076,0.20492938431708813,-5.676692859259985,-4.257519644444988,29.803874072586385
R. Calimag,SBU,23.5,2.0,8.0166666667,-0.04545183503709035,5.1219840899685,0.013847787311450248,-0.00989888753176062,0.023746674843210868,1.5,0.4999999999999999,38.659793814432994,50.0,0.7731958762886598,0.6666666666666666,11.948287810307095,6.496881496854482,16.58778254516038,3.430222602621776,11.10518834394301,17.006802721088434,3.4302226026217766,17.006802721088434,1.0,0.0,-2.130511409122746,13.960714092756438,,0.0,22.56,78.90138675253922,93.98756610689453,28.713861355933545,0.5287067121215326,55.441820648715456,0.211864406779661,0.10854795509308464,1.9415459636846846,1.4561594727635134,14.576313491079024
J. Royo,SBU,23.333333333333332,3.0,15.0,-0.19120586110597984,2.279471537266234,-0.057943315027666614,-0.1020282034892125,0.04408488846154589,1.6666666666666667,0.4666666666666665,38.659793814432994,33.33333333333333,0.7731958762886598,0.6666666666666666,4.257130693912303,2.314814814814815,5.91016548463357,6.110878043955316,19.171779141104295,26.65245202558636,7.333053652746379,31.982942430703627,0.8333333333333334,0.16666666666666666,-6.072746594324752,14.025474175187957,,62.56256256256256,22.4,63.445391605861886,97.83547129006611,31.497032176483398,0.4414119881643653,46.963032883109705,0.423728813559322,0.15922388213724334,-8.667248931046673,-6.5004366982850055,27.273767446812
R. Cauguiran,UPHSD,23.0,2.0,7.61666666665,0.03172595362969872,15.006159745897197,0.042268221542865886,-0.025861880380695132,0.06813010192356102,4.5,1.75,26.041666666666668,0.0,0.5208333333333334,1.0,36.46973012407689,21.29043704540705,52.51641137867072,0.0,0.0,0.0,3.5990978188828233,14.792899408284024,0.0,1.0,-6.985624416745265,19.734524584187703,,164.11378555834597,23.0,72.7473895721372,72.40461722476134,35.46021937496464,1.0497509614483078,43.358312954360706,1.4492753623188406,0.24743582965269675,19.2812288569576,14.460921642718201,13.89237039840174
D. Celzo,SBU,22.666666666666668,3.0,15.944444444433332,-0.1524707799598139,4.413039699245167,0.04842414908672511,-0.015557284053330386,0.0639814331400555,3.3333333333333335,0.9,31.725888324873097,28.57142857142857,0.6345177664974619,0.2857142857142857,10.01241539509689,10.888501742167866,9.266809993334356,1.149781931616087,3.5909221488104963,9.191176470588236,2.299563863232174,18.38235294117647,0.5,0.5,-2.856518432872519,9.474099270155747,,58.85676617388036,21.76,80.4411744750369,95.0887214101937,39.69226301075033,0.5037255746819034,42.317095096911245,-0.423728813559322,0.2677815834239758,-3.231677810902808,-2.423758358177106,28.99100465640588
N. Agemenyi,MU,22.333333333333332,3.0,9.438888888866666,-0.005642007692723972,10.419513756477862,0.1044566686573182,0.04917130639467526,0.05528536226264293,4.333333333333333,1.4333333333333327,50.872093023255815,50.0,1.0174418604651163,0.3333333333333333,18.26632298922528,10.170688640400638,27.723839751870894,1.8517856137515258,7.147962830613719,11.261261261261263,1.851785613751526,11.261261261261263,1.0,0.0,-1.1980667979376545,12.65490413672203,,0.0,22.333333333333332,105.45033167499678,90.96998078503435,52.36209916987269,0.5781338794216655,51.57119132464224,1.2727272727272727,0.3260154781915736,8.040726627571463,6.030544970678597,18.000643857365027
R. Villegas,LPU,22.0,3.0,13.266666666666666,-0.043305407822700086,8.632968097396303,-0.044455331252790296,0.008909006662793066,-0.053364337915583364,3.3333333333333335,1.9333333333333342,51.229508196721305,45.83333333333333,1.0245901639344261,0.5,8.83076470217195,4.902561588429955,12.996014555536304,3.76966815899233,12.233247247519369,13.250883392226148,6.282780264987217,22.084805653710244,0.6,0.0,-7.3166908096557375,20.992654708596877,,0.0,22.0,86.85856545033444,115.23136039713089,36.39659068161025,0.39187789367890197,50.24315058477252,1.375515818431912,0.2677815834239758,-3.5988442364178224,-2.699133177313367,26.527533931986998
G. Loristo,EAC,21.333333333333332,3.0,17.900000000000002,-0.1569574085494643,4.945057892282621,0.019227049856192502,-0.07253611060190596,0.09176316045809846,4.666666666666667,1.599999999999999,47.74305555555556,37.5,0.9548611111111112,1.0,11.207669494447893,3.474248867394869,18.827363347573666,0.0,0.0,0.0,4.701749627444783,30.26634382566586,0.0,0.0,-8.76077070023366,13.201859435551144,,114.85592472802118,20.479999999999997,70.3740661566291,92.23995649655583,36.58439931280724,0.5482091538263694,54.51941236661778,2.310924369747899,0.3446487693047804,-0.8494015744642496,-0.6370511808481871,35.4477970697992
E. Ryan,MU,21.333333333333332,3.0,9.155555555566666,0.007137789796312616,11.342340685336321,0.06700796605646661,0.030037940680926075,0.03697002537554054,2.6666666666666665,1.6666666666666667,32.21649484536083,33.33333333333333,0.6443298969072165,0.6666666666666666,13.182122530951528,13.980582524254878,12.249342164942941,3.8181841720298753,13.81215469611352,20.491803278688526,0.0,0.0,inf,,4.940571576914593,12.847852289418705,,78.57791436743973,21.333333333333332,97.17853057959593,95.43738991490649,48.63029165417038,0.4728968254372769,51.12944983818431,0.9090909090909091,0.22651564095289925,-0.29164080493739686,-0.21873060370304764,17.460306696317485
J. Daileg,LPU,20.666666666666668,3.0,11.394444444433333,0.06826050082291255,14.833757386275613,0.04874323738916593,0.06345022173480311,-0.01470698434563718,5.333333333333333,2.9,69.79695431472082,64.28571428571429,1.3959390862944163,0.2857142857142857,10.281748468457911,2.8540509685963302,18.15766909331114,2.92604178894278,9.757023023875423,15.527950310559008,4.38906268341417,23.29192546583851,0.6666666666666666,0.3333333333333333,-4.732720530222369,13.540148781247707,,69.65243435264856,20.666666666666668,104.91949612172905,108.52307599946997,45.674333437881835,0.5455568713038877,54.47354452286573,3.0261348005502064,0.38095238095238093,5.899068287072114,4.4243012153040855,22.7839079122497
A. Acop,AU,20.5,2.0,11.4,0.0624984951779307,16.32973575910705,0.06445958910600867,0.017227616764014405,0.04723197234199427,4.5,3.2499999999999996,36.337209302325576,33.33333333333333,0.7267441860465116,0.3333333333333333,8.193560825139771,12.566528681253695,4.00867760799849,6.590148217739467,20.88794233289646,27.573529411764707,2.196716072579822,9.191176470588236,3.0,3.0,4.012883673955995,14.918338910448982,,0.0,19.294117647058822,92.41672884697529,89.13811762410154,46.9484526472231,0.6528140182007458,45.29746005143912,2.284263959390863,0.24743582965269675,5.87332629694987,4.404994722712402,22.761248312477647
J. Lozano,JRU,20.0,1.0,12.1333333333,0.07610886122274985,23.42814376852864,0.04173883717158499,0.0520984332283743,-0.01035959605678931,8.0,4.3999999999999995,70.0,70.0,1.4,0.0,14.615925946015361,0.0,31.23192596885388,0.0,0.0,0.0,0.0,0.0,,,0.0,18.309593250401846,,0.0,20.0,134.19528106008227,111.64358836843495,57.512263311463826,0.5033314840050316,53.0,1.597444089456869,0.22651564095289925,17.32381427854212,12.99286070890659,22.29768402690052
G. Borromeo,AU,20.0,2.0,17.01666666665,-0.1263614978149941,3.3571221172854018,-0.04867730102424042,-0.08218256359442314,0.033505262570182714,3.5,0.5499999999999994,36.764705882352935,40.0,0.7352941176470588,0.2,10.978248000785687,5.612475101525267,16.113234968895124,4.414947483778854,14.688658051897926,16.778523489932883,5.8865966450384715,22.371364653243845,0.75,0.0,-5.376713874610361,18.87241780025376,,0.0,18.823529411764707,66.35516521710892,97.64738627796423,32.92037443185234,0.4634524869890038,43.65084585904543,0.5076142131979695,0.20492938431708813,-4.427244254174995,-3.3204331906312463,33.975489074586136
N. Sevilla,UPHSD,20.0,1.0,5.35,-0.05007439293461855,-7.992996224034261,-0.0299655123455073,-0.037136135086555506,0.007170622741048206,0.0,-0.7999999999999997,33.33333333333333,33.33333333333333,0.6666666666666666,0.0,10.384215991692628,0.0,21.36181575433912,0.0,0.0,0.0,10.247898462466363,25.0,0.0,0.0,-19.8905318283215,33.24919439972736,,0.0,20.0,52.284291593567424,95.47932896253701,26.142145796783712,0.5180510151742381,35.77135871771674,-0.36231884057971014,0.0,-14.714394454372675,-11.035795840779507,9.758098244850583
H. Montemayor,UPHSD,20.0,3.0,8.038888888866667,-0.09189405711221378,3.1611034638813975,0.018989257990998393,-0.0012514297639839242,0.020240687754982317,2.0,0.19999999999999973,30.0,30.0,0.6,0.0,11.51808339095559,13.448140607818418,9.477737190272029,9.093504924563362,27.255692465017166,36.36363636363637,4.54675246228168,18.181818181818183,2.0,0.0,2.941654327071573,12.907902525292654,,0.0,20.0,84.85477383658551,99.1703988530781,33.588968168160534,0.4329993930869445,38.552940005993264,-0.9057971014492754,0.18255517264179213,-5.256135803646543,-3.9421018527349068,14.662479917196015
G. Aviles,LPU,19.0,3.0,13.222222222233334,-0.1366454291910985,3.8958660670451124,-0.06535720744312931,-0.03263657431951796,-0.03272063312361135,3.3333333333333335,0.6333333333333334,33.78378378378378,37.5,0.6756756756756757,0.25,11.392004500535414,4.919040787042392,18.255578093290946,3.7823393124647553,11.798121039971436,21.613832853025936,2.52155954164317,14.409221902017292,1.5,0.0,0.0,11.668422332054048,,60.02400960379109,19.0,75.86375472768351,111.4305102781168,36.311051818098925,0.4789509403433459,44.10341827199768,0.1375515818431912,0.2677815834239758,-0.9607365612902918,-0.7205524209677189,26.438664471600557
J. Bonzalida,SBU,19.0,3.0,7.483333333333333,-0.004460718396398568,10.420621649142044,0.06975729289543314,0.02900644027908423,0.040750852616348913,2.3333333333333335,1.0999999999999996,50.0,50.0,1.0,0.0,6.399918081048563,0.0,11.84665687343032,2.4497952069308617,9.083642177167357,11.11111111111111,2.4497952069308617,11.11111111111111,1.0,1.0,-1.5215679106047544,16.345013152832085,,0.0,18.24,98.70209220239613,91.42365517609556,42.26052076859696,0.5868723597403195,44.38755119826729,1.271186440677966,0.20492938431708813,5.434895581921608,4.076171686441206,13.606579537353985
S. Penafiel,LPU,19.0,3.0,10.227777777766667,-0.03595161425266353,8.464886105988088,-0.018829284164239707,0.004748879565313532,-0.02357816372955324,2.6666666666666665,1.3333333333333333,33.78378378378378,33.33333333333333,0.6756756756756757,0.25,9.818204132292786,6.35921622660698,13.485924066769975,3.2598108142978326,11.11745904298683,13.054830287206265,0.0,0.0,inf,inf,4.218059666480025,18.46760758831504,,0.0,19.0,86.59531677041718,111.01460561976697,43.51450549001948,0.4884788313652226,43.35517657865473,0.2751031636863824,0.22651564095289925,1.5959133672854922,1.1969350254641191,20.4510845765222
E. Galoy,CSJL,19.0,1.0,9.4833333333,0.08303082632254541,28.418449304980975,0.07141340162137537,0.07153075882681881,-0.00011735720544343396,6.0,4.3,106.38297872340425,100.0,2.127659574468085,2.0,0.0,0.0,0.0,11.54577151980149,37.859368221951065,40.98360655737705,5.772885759900744,20.491803278688526,2.0,1.0,3.734937082273486,14.509827301197932,,0.0,19.0,149.19669565236347,105.44463756496955,66.83852831279144,0.49905542265407515,93.55677856002481,2.191780821917808,0.18255517264179213,11.883721058003486,8.912790793502614,17.322359069464653
N. Moralejo,LPU,19.0,3.0,9.5333333333,0.1914848798895674,24.277503796481685,0.1536015645229487,0.195114050747991,-0.04151248622504229,5.666666666666667,4.033333333333334,90.20618556701031,91.66666666666666,1.8041237113402062,0.6666666666666666,5.266699827387699,0.0,10.851217747807414,3.4972678957673504,12.906001290659812,20.491803278688526,0.0,0.0,inf,,4.525319257580676,11.542626403699094,,0.0,19.0,184.64288195386646,116.04669891628382,85.65861527186667,0.37319943841165326,71.66666666666666,3.576341127922971,0.39867352517108046,10.532265437709775,7.899199078282331,19.062499257592346
A. Javier,UPHSD,19.0,1.0,0.9333333333,0.01623881202902849,45.79144162090676,0.010826119147505305,0.010763043237601473,6.307590990383133e-05,1.0,0.7,0.0,0.0,0.0,0.0,0.0,0.0,0.0,58.74241797444978,164.8351648410518,100.0,0.0,0.0,inf,,76.0102466323718,0.0,,0.0,19.0,226.9230769230769,104.85559103505793,100.0,0.3019981302296591,25.0,0.36231884057971014,0.047619047619047616,23.54104674079685,17.65578505559764,1.7023473572963128
J. Libang,AU,19.0,1.0,8.0166666667,-0.03715271363144213,1.5047873930700815,-0.041340138546375006,-0.09027790877861354,0.04893777023223853,2.0,-0.09999999999999964,0.0,0.0,0.0,0.6666666666666666,34.95465033912038,23.826765399700033,45.60391657146888,0.0,0.0,0.0,6.247624921573182,20.491803278688526,0.0,2.0,-11.412941509249428,26.27574839629727,,0.0,17.88235294117647,21.151032939355492,57.570241380704125,10.480820340555178,1.3553116858280312,38.20344684954671,-0.5076142131979695,0.08008537288130614,19.22100069597513,14.415750521981346,16.006082512203616
J. Pangilinan,JRU,18.666666666666668,3.0,12.466666666666667,0.15109126389042563,18.940145465768865,0.07920436383989837,0.14064762389042249,-0.061443260050524105,4.333333333333333,3.866666666666666,55.62060889929743,53.57142857142857,1.1124121779859486,0.5,6.322278127551962,5.941770647653001,6.754855052068675,2.909904696555686,12.40053735661879,9.487666034155598,2.909904696555686,9.487666034155598,1.0,0.5,-1.8826478487666114,22.667080619408473,,0.0,18.666666666666668,111.31838966044569,117.45663086190851,49.39433472116437,0.3678754023409575,54.38944938396311,2.8753993610223643,0.3260154781915736,3.1901039136609697,2.3925779352457273,22.910257763966218
E. Serrano,CSB,18.0,2.0,1.6583333333499999,0.04931536449282323,40.706597777762354,0.05421916701149243,0.043389987345257994,0.010829179666234435,1.5,1.1500000000000001,113.63636363636364,0.0,2.272727272727273,0.0,0.0,0.0,0.0,0.0,0.0,0.0,0.0,0.0,,,0.0,11.817926576894001,,741.8984687141044,17.28,249.99999999999994,80.2970679796903,100.0,0.6351137725794802,25.0,0.6564551422319475,0.10854795509308464,12.339124761198189,9.25434357089864,3.022001198860525
A. Turco,CSB,17.666666666666668,3.0,5.244444444466667,-0.08575835610942459,-0.135993375797436,-0.012785472037338805,-0.05087260897638699,0.03808713693904819,0.0,-0.06666666666666676,0.0,0.0,0.0,1.0,6.433129760488764,6.96922390719616,5.973620491882423,0.0,0.0,0.0,0.0,0.0,,,0.0,8.153276771702691,,312.7919391418749,16.96,18.16377331085764,86.77617127258299,8.552542404655252,0.4808438493868031,41.39384478143923,-1.0940919037199124,0.0,-10.06410331264055,-7.548077484480412,9.557015516608887
R. Maliwat,SSCR,17.333333333333332,3.0,6.122222222233333,-0.16256062651347117,-6.970210124763194,-0.11689427494142134,-0.12405801568457885,0.007163740743157512,-0.3333333333333333,-0.8999999999999999,0.0,0.0,0.0,0.0,5.467427044010459,4.769033078534671,6.405465997639705,8.014743683195524,21.076049411588702,27.27272727272727,5.343162455463683,18.181818181818183,1.5,1.0,0.0,16.88480505903217,,0.0,17.333333333333332,27.091876367391315,102.48000538610498,12.256269091197709,0.615750891930328,24.618016001841013,-1.7107309486780715,,-9.192018820070412,-6.894014115052809,12.477005373193597
E. Umpad,EAC,17.0,3.0,10.027777777766667,-0.05276306206096568,7.294667432377002,-0.028960317804778292,-0.07643892150965462,0.047478603704876325,3.3333333333333335,1.2666666666666664,34.01360544217687,40.0,0.6802721088435374,0.4,15.389350569423023,18.605035763033804,12.220954863953576,1.6785636897112328,6.846501437773927,9.191176470588236,6.714254758844932,36.76470588235294,0.25,0.0,-10.425559813918424,14.093872417945912,,273.36346406211953,16.32,62.62344455451727,93.24199671089575,30.243743928349303,0.5246320894671995,49.04244346289553,0.42016806722689076,0.2677815834239758,-8.79799663120678,-6.598497473405086,19.85824758253155
K. Culdora,SBU,17.0,2.0,2.775,-0.029243950416664354,0.22894768693777395,-0.012041745702518354,-0.01287964554509391,0.0008378998425755559,-0.5,-0.10000000000000003,34.72222222222222,50.0,0.6944444444444444,1.0,0.0,0.0,0.0,0.0,0.0,0.0,0.0,0.0,,,0.0,23.801873207421426,,0.0,16.32,68.81749828630399,104.19489422128645,34.408749143151994,0.2971402239494806,60.0,-0.847457627118644,,-8.590793985154766,-6.443095488866074,5.04564697766022
J. Panelo,LPU,17.0,3.0,9.1388888889,0.05445345851864547,14.812150211149337,0.04922524504464745,0.06863587559734703,-0.01941063055269958,3.0,2.433333333333333,41.079812206572775,20.0,0.8215962441314555,1.6,12.819371494687521,10.675365112300758,15.092757572563142,1.8241069024645875,5.36232963431204,10.504201680672269,0.0,0.0,inf,inf,2.3603184942163673,13.220074237907335,,0.0,17.0,111.14679429482655,110.56927208338244,57.001547114275134,0.4986809036860617,59.135073022460155,1.7881705639614855,0.24743582965269675,6.06903891684715,4.551779187635363,18.2737827965543
O. Gordon,LPU,16.666666666666668,3.0,9.872222222233333,-0.18546139280416335,-1.7667439348097487,-0.162184359662299,-0.16937257159512864,0.007188211932829639,0.3333333333333333,-0.4333333333333331,11.415525114155251,0.0,0.22831050228310504,0.5714285714285714,8.47651182119257,3.294124106121991,13.971629829413962,5.0658230521460625,14.134090641383892,20.32520325203252,5.0658230521460625,20.32520325203252,1.0,1.0,-3.277482208485882,16.891961986044162,,0.0,16.666666666666668,38.20925245328612,103.5654139807129,19.574926561404713,0.6591311304271992,32.96379762961645,-0.9628610729023384,0.047619047619047616,-2.6550724651987623,-1.9913043488990718,19.7401288932973
J. Luciano,EAC,16.333333333333332,3.0,15.7611111111,-0.2781850194367858,-1.0055598675008894,-0.0910060252270243,-0.16136757176382904,0.07036154653680474,1.6666666666666667,-0.4333333333333334,11.11111111111111,11.11111111111111,0.2222222222222222,0.0,9.791250538525683,3.945727828958111,15.550809678834908,2.1359234825009192,7.968000509957873,15.384615384615385,2.1359234825009192,15.384615384615385,1.0,0.5,-1.3266221687779465,9.983525851215765,,0.0,15.679999999999998,35.87000193881351,93.93383332929865,17.150951873510664,0.5083538241394345,29.699609139610835,0.0,0.15922388213724334,-2.8771294346521596,-2.1578470759891197,31.21210437211342
J. Nunag,CSJL,16.0,2.0,8.63333333335,-0.06664411803597334,3.062007108954759,-0.037254900452944745,-0.07726340946491661,0.040008509011971866,2.5,0.30000000000000004,0.0,0.0,0.0,2.0,24.385287543135203,0.0,39.075219798035924,0.0,0.0,0.0,3.1706293410865207,34.72222222222222,0.0,0.0,-6.153993821820583,7.969200515768981,,236.38799148957594,16.0,0.0,88.28321227247504,0.0,0.8955384792837436,54.20734266472837,1.643835616438356,0.15922388213724334,9.760654857138327,7.320491142853745,15.769739891092362
R. Abiera,AU,16.0,1.0,12.9333333333,0.021041441040861118,14.090100244245349,0.03266073995850362,0.02297781008893706,0.00968292986956656,4.0,3.2000000000000006,43.604651162790695,33.33333333333333,0.872093023255814,0.3333333333333333,7.222159284033568,0.0,14.133688061226984,0.0,0.0,0.0,0.0,0.0,,,0.0,22.961860067782528,,0.0,15.058823529411764,98.98757284652527,99.49314748750453,45.985841725589566,0.42237772685305125,43.33333333333333,2.030456852791878,0.13468700594029479,2.9872879224291773,2.240465941821883,25.822702763796975
R. Danag,UPHSD,15.0,1.0,0.9333333333,-0.00502421227179403,0.0,6.307590990383133e-05,0.0,6.307590990383133e-05,0.0,0.0,0.0,0.0,0.0,0.0,0.0,0.0,0.0,0.0,0.0,,0.0,,,,0.0,0.0,,0.0,15.0,,104.85559103505793,,0.3019981302296591,25.0,0.0,0.0,-8.42364,-6.317730000000001,1.7023473572963128
D. Culanay,LPU,15.0,1.0,2.6666666667000003,-0.01435489220581791,0.0,-0.005921823555425116,0.0,-0.005921823555425116,0.0,0.0,0.0,0.0,0.0,0.0,0.0,0.0,0.0,0.0,0.0,,0.0,,,,0.0,0.0,,0.0,15.0,,121.71345485000595,,0.24338066408413708,25.0,0.0,0.0,-8.42364,-6.317730000000001,5.332167624586652
R. Movida,UPHSD,15.0,1.0,1.5,-0.008074626865671642,0.0,0.00010137199806334935,0.0,0.00010137199806334935,0.0,0.0,0.0,0.0,0.0,0.0,0.0,0.0,0.0,0.0,0.0,,0.0,,,,0.0,0.0,,0.0,15.0,,104.85559103505793,,0.30199813022965905,25.0,0.0,0.0,-8.42364,-6.317730000000001,2.7359153957525
R. Ondoa,CSB,15.0,2.0,6.2,-0.12627979067405032,-9.649546714100092,-0.05485331220058223,-0.07015245882710662,0.015299146626524391,-1.0,-1.0,0.0,0.0,0.0,0.0,4.081232858821993,8.842671194114317,0.0,0.0,0.0,0.0,8.850860760184721,66.66666666666666,0.0,0.0,-16.491810020464424,10.776060249383896,,0.0,14.399999999999999,13.990050154312932,95.88520238271306,6.5873150440879185,0.26395434073196,24.555819048776684,-1.0940919037199124,,-23.047253419496204,-17.285440064622154,11.29833614034992
I. Suico,SSCR,14.333333333333334,3.0,4.733333333333333,-0.035893869921773944,5.739247989946082,-0.01817691537771808,-0.011476917654960781,-0.006699997722757299,0.6666666666666666,0.36666666666666653,34.72222222222222,50.0,0.6944444444444444,1.0,10.607578525546586,18.505191734347694,0.0,0.0,0.0,0.0,3.4554959072368923,25.773195876288664,0.0,1.0,-6.706902061647566,10.592044319151764,,0.0,14.333333333333334,76.28559973537375,108.82949092684201,36.7908384238054,0.4703048109313165,62.837164370060314,-0.7776049766718507,0.08008537288130614,-6.053183629619122,-4.539887722214342,9.646468764012388
A. Fermin,MU,14.0,3.0,3.2611111111,0.03516232443857644,18.044150472413573,0.04557923781516248,0.02990387336456223,0.015675364450600252,1.6666666666666667,0.9666666666666668,66.66666666666666,66.66666666666666,1.3333333333333333,0.0,10.573929389685324,0.0,22.926650639317714,0.0,0.0,0.0,0.0,0.0,,,0.0,13.944699968207113,,0.0,14.0,128.67169157409253,93.54952918622942,64.33584578704627,0.5173684410075489,51.666666666666664,1.4545454545454546,0.15922388213724334,9.408425720841555,7.056319290631166,6.219174775904737
J. Manacho,EAC,14.0,2.0,3.6666666667,0.005870467762855023,12.429041845895181,-0.01198621056440108,-0.026361541619866882,0.014375331055465802,1.0,0.8500000000000001,52.52100840336135,66.66666666666666,1.050420168067227,1.3333333333333333,12.626262626147843,0.0,25.066844919558214,0.0,0.0,0.0,6.885926045222443,17.36111111111111,0.0,0.0,-12.830546907225566,33.707023544673724,,0.0,13.44,66.70788485861814,90.31022892146818,37.709374061348015,0.5936138297888778,69.94518515536106,0.42016806722689076,0.08008537288130614,6.186036484219191,4.639527363164393,7.261187481775344
C. Delfino,CSJL,14.0,2.0,4.00833333335,-0.03132842633838311,2.9650972632156063,-0.027742875816127666,-0.059606346711466064,0.0318634708953384,1.0,0.04999999999999982,0.0,0.0,0.0,0.0,15.006330795742084,19.95841995833697,12.02314455321504,0.0,0.0,0.0,6.829047811555756,33.33333333333333,0.0,2.0,-13.254755923891729,17.879616541749556,,254.57168314205316,14.0,22.042802849848417,76.07182561963576,10.316390974722792,1.1776600294047537,27.284422038778455,-1.095890410958904,0.08008537288130614,4.053754230780392,3.040315673085294,7.321664949452049
J. Barroga,SSCR,13.666666666666666,3.0,4.905555555566667,-0.04955545769850482,4.051723444591003,-0.01284520381687569,-0.015618071489719155,0.002772867672843465,1.0,0.26666666666666666,50.0,50.0,1.0,0.0,6.823448020947693,0.0,15.988275264769594,0.0,0.0,0.0,3.334181781380707,33.33333333333333,0.0,1.0,-6.471438908845733,7.902203500160705,,0.0,13.666666666666666,65.69287886813792,103.96538460725777,32.84643943406896,0.5817256807336171,44.16645455465482,0.3110419906687403,0.10854795509308464,1.373132981322427,1.0298497359918202,9.997455303570694
J. Pradella,CSJL,13.5,2.0,5.675,0.024874723552583574,15.225127254686607,0.026477105691430365,0.03692235862291698,-0.010445252931486614,2.0,1.1999999999999997,69.44444444444444,100.0,1.3888888888888888,1.0,10.599185187638701,14.09691629955947,8.49211825274667,0.0,0.0,0.0,0.0,0.0,,,0.0,12.123482722984733,,0.0,13.5,129.89223353022058,112.13330663811853,64.14550704864328,0.344526068960693,82.81938325991189,0.273972602739726,0.13468700594029479,4.4898357642234785,3.367376823167609,10.366016279742437
J. Baliling,CSJL,13.5,2.0,5.5833333333,-0.017393003781902394,7.689259319238878,0.00867278312849732,0.01927756892206218,-0.010604785793564858,1.0,0.6000000000000001,37.5,37.5,0.75,0.0,5.386600830466454,0.0,8.631541089783594,4.90264477222625,15.630087919352444,20.0,0.0,0.0,inf,,6.3438185069218855,17.114618023221173,,0.0,13.5,102.64060161841468,112.34986757233808,36.415047943160026,0.33952282828094027,40.0,0.547945205479452,0.08008537288130614,0.7168116921804432,0.5376087691353324,10.198576956513906
P. Bagay,EAC,13.0,3.0,5.616666666666667,0.021163035198628635,13.344492626067867,0.02100335042283288,0.009712955020904527,0.011290395401928353,1.6666666666666667,1.3,50.607287449392715,55.55555555555556,1.0121457489878543,0.2222222222222222,5.495109352676118,5.536117631427432,5.454704136847616,0.0,0.0,0.0,0.0,0.0,,,0.0,25.162650558223724,,0.0,12.48,89.37798466226707,100.21144378515046,36.20934971916605,0.3606475508568652,51.66277908184105,0.21008403361344538,0.15922388213724334,0.22374216221550117,0.16780662166162588,11.122819006072932
R. Jalbuena,SBU,12.5,2.0,6.225,-0.1456296504672341,-12.691292966999244,-0.08094523848059264,-0.09205499910288985,0.011109760622297215,-1.5,-1.6,21.008403361344538,33.33333333333333,0.42016806722689076,1.3333333333333333,7.6936096877933196,8.366800535475234,7.120681306787434,4.417502200449626,14.77366741519915,12.886597938144332,8.835004400899253,25.773195876288664,0.5,0.0,-10.974843242755577,24.90513941867573,,0.0,12.0,43.38757325344474,98.5055233259133,20.75061642535309,0.4262109879520867,57.79794234020357,-3.1779661016949152,,-17.104438234085954,-12.828328675564466,11.318613490426978
J. Lintol,SSCR,12.333333333333334,3.0,3.666666666633333,-0.029752268223888635,5.383449169949109,-0.019266767576175278,-0.006797002166431274,-0.012469765409744003,0.6666666666666666,0.3333333333333333,50.0,50.0,1.0,0.0,9.128946367523083,7.96284007970079,10.69518716587263,0.0,0.0,0.0,4.460731080291813,33.33333333333333,0.0,0.0,-8.658000843296476,10.572190440486578,,0.0,12.333333333333334,77.46411956379363,113.70491720397595,38.06999015413243,0.35862463768590713,45.47738524586721,0.4665629860031104,0.08008537288130614,-8.048492516147459,-6.036369387110594,7.4726166481106775
D. Ednilag,EAC,12.0,1.0,5.2666666667,0.07019573345571534,37.60989067944839,-0.0075877568155426215,-0.014161100225228342,0.006573343409685721,5.0,3.6000000000000005,81.9672131147541,100.0,1.639344262295082,0.5,8.790436005570244,17.71207254853706,0.0,0.0,0.0,0.0,0.0,0.0,,,0.0,19.881691981837673,,390.36475682631016,11.52,-59.225029424693254,95.77545546557467,-34.363897196057245,0.46502218633600134,76.04241450970741,0.8403361344537815,0.15922388213724334,7.722875113720724,5.792156335290542,10.429705655612143
B. Angeles,EAC,12.0,3.0,6.194444444466666,0.007734585172033351,11.656583831160427,0.052513204725076576,0.03720062009334436,0.015312584631732217,2.3333333333333335,1.2999999999999998,83.33333333333334,83.33333333333334,1.6666666666666667,0.0,4.982561036354821,0.0,9.89184911629266,5.434632215093362,24.218939210354655,33.33333333333333,2.717316107546681,16.666666666666664,2.0,0.0,1.6877251537250575,9.237101619169197,,0.0,11.52,118.33572244726116,99.03008084832145,48.18527961483227,0.388443910318849,57.654004306446666,2.100840336134454,0.20492938431708813,2.910595258613467,2.1829464439601,12.267006124446894
M. Pascual,SSCR,12.0,3.0,5.5,-0.15433686414432596,-7.981036177581522,-0.07982373395463399,-0.05966809844739146,-0.020155635507242524,-0.6666666666666666,-0.8666666666666667,0.0,0.0,0.0,0.0,3.0429821224800304,0.0,7.1301247771836005,2.9738207201675073,7.820136852394915,20.0,0.0,0.0,inf,,3.8480003747634512,9.397502613680414,,0.0,12.0,16.391767778536426,114.35276932727686,7.36441740774825,0.3437844507453339,25.0,-1.244167962674961,,-9.98006639323839,-7.485049794928793,11.208924972267917
Y. Concepcion,MU,11.666666666666666,3.0,3.8888888889,-0.108824912312292,-7.928977749749884,-0.0208580629598737,-0.0415579150789064,0.0206998521190327,0.3333333333333333,-0.6666666666666666,0.0,0.0,0.0,0.0,8.866995073866292,8.22857142854792,9.612817089425139,0.0,0.0,0.0,4.494548225353495,50.0,0.0,0.0,-8.723637812937714,7.795751315510762,,184.9948612533255,11.666666666666666,23.47007813023068,92.28223336549532,10.339163874255467,0.547221645588478,25.52207722937121,-1.8181818181818181,0.047619047619047616,-12.177801296191015,-9.133350972143262,7.416392407428597
A. De Leon,AU,11.5,2.0,8.11666666665,0.022283055651147902,13.579072393772028,0.05343866704071772,0.0430585542534884,0.010380112787229322,3.0,1.9500000000000002,69.44444444444444,75.0,1.3888888888888888,1.0,5.753999593847138,0.0,11.260515334195475,9.25597819495493,28.169532717226435,43.604651162790695,3.0853260649849767,14.534883720930234,3.0,0.0,5.636165160146893,10.316992568533147,,0.0,10.823529411764707,120.01123754818718,100.34829139002879,50.781235227731756,0.4033477296376183,69.22866848375375,2.5380710659898478,0.18255517264179213,4.433660361700123,3.325245271275092,16.205742585020253
W. Miller,AU,10.5,2.0,4.90833333335,0.05164050776327498,21.393591232987802,0.02387078772688393,-0.017121550716579306,0.040992338443463235,2.0,1.7999999999999998,40.0,40.0,0.8,0.0,4.757551446839197,9.728925430614987,0.0,0.0,0.0,0.0,5.102050233071296,16.666666666666664,0.0,3.0,-9.320245952382276,26.382521734452585,,0.0,9.882352941176471,74.64729455843279,72.66731825198289,37.282008030813834,1.0193479609233063,41.670272527855175,1.2690355329949239,0.13468700594029479,9.655026020467623,7.241269515350718,9.79998191235004
R. Samontanes,JRU,8.666666666666666,3.0,8.349999999966666,-0.19640105787914988,-4.939126799946794,-0.17719227588832331,-0.13940610208248655,-0.03778617380583675,-0.3333333333333333,-0.7333333333333334,18.75,18.75,0.375,0.0,4.71962478984805,4.435573297866454,5.042546485995548,8.689056738652063,28.940942389560448,25.0,8.689056738652063,25.0,1.0,0.25,-5.621639085361465,21.284445327439737,,0.0,8.666666666666666,48.272956031521126,116.46621482164595,18.507695388793106,0.3909541732568483,31.21485047491028,-1.1182108626198084,,-13.887245020282137,-10.415433765211603,15.344972111900075
S. Abdulla,MU,8.0,1.0,3.8333333333,0.03803724982920723,30.764749258444706,0.02260264279964997,0.005870513635428143,0.01673212916422183,2.0,2.0,50.0,50.0,1.0,0.0,0.0,0.0,0.0,0.0,0.0,0.0,0.0,0.0,,inf,0.0,23.72619965617642,,0.0,8.0,97.56740306042285,73.19681785892274,48.783701530211424,0.9968095036938638,45.0,0.7272727272727273,0.08008537288130614,16.551724203474897,12.413793152606173,7.310443944380877
K. Caduyac,LPU,7.5,2.0,3.0666666667,-0.07872625931602172,-14.979964329915813,-0.032926834622698006,-0.021158660852224436,-0.011768173770473567,-0.5,-0.9500000000000001,0.0,0.0,0.0,0.0,0.0,0.0,0.0,0.0,0.0,0.0,0.0,0.0,,,0.0,6.936052676932672,,0.0,7.5,0.0,119.48888835807807,0.0,0.29434288987430823,25.0,-1.1004126547455295,,-13.1924323168043,-9.894324237603225,6.131992768264652
O. Tagle,SBU,7.0,2.0,5.44166666665,-0.2408603178998007,-33.66354416356039,-0.1638573055773649,-0.16450741665771085,0.0006501110803459562,-4.0,-3.15,0.0,0.0,0.0,0.0,0.0,0.0,0.0,0.0,0.0,0.0,5.053406039427224,12.5,0.0,0.0,-9.416012139008643,33.716282874321976,,0.0,6.72,0.0,104.89506271918252,0.0,0.2812559927021388,23.736648490143192,-3.8135593220338984,,-35.73304467521895,-26.79978350641421,9.894316745952048
W. De Leon,JRU,6.333333333333333,3.0,8.072222222233334,-0.11022157114257476,1.6715337372496766,-0.06689699523800863,-0.032613285303211365,-0.03428370993479726,1.3333333333333333,0.20000000000000018,52.52100840336135,33.33333333333333,1.050420168067227,1.3333333333333333,9.764068904478371,0.0,20.864273553780098,2.247015188940802,7.502891739513506,11.415525114155251,6.741045566822406,34.24657534246575,0.3333333333333333,0.0,-10.176404820504207,14.237580035403111,,0.0,6.333333333333333,72.23312331030792,115.7831167653527,35.696898785397934,0.4068717906150069,56.648071941627734,0.3194888178913738,0.13468700594029479,-3.3649661633502177,-2.5237246225126633,14.83449399781138
L. Benitez,JRU,6.0,2.0,10.65,-0.12014542373826573,-0.5176667471321177,-0.06593562412773973,-0.0630459681427872,-0.0028896559849525237,2.5,-0.3500000000000003,0.0,0.0,0.0,0.0,8.325816970790259,0.0,17.790956263899183,0.0,0.0,0.0,5.109410124468668,100.0,0.0,0.0,-9.917046414629754,4.171951138108271,,447.12720769058797,6.0,0.0,106.35292285620737,0.0,0.6266150864363228,23.722647468882833,-0.9584664536741214,0.15922388213724334,-6.621086092778576,-4.965814569583932,19.571730897292003
R. Bernardo,JRU,6.0,1.0,5.0833333333,0.054821130739641254,32.49681431883308,0.004662240105067248,0.017027830149347917,-0.012365590044280669,3.0,2.7,150.0,150.0,3.0,0.0,0.0,0.0,0.0,0.0,0.0,0.0,0.0,0.0,,,0.0,8.740579597602185,,0.0,6.0,300.0,123.27447759143817,100.0,0.23230737190095818,85.0,0.9584664536741214,0.10854795509308464,11.10803339906065,8.331025049295487,9.34174948925652
S. Mosqueda,JRU,5.0,2.0,2.1833333333000002,0.0505568614953502,34.09159349783328,0.0329846064799495,0.03813734924111017,-0.0051527427611606615,1.5,1.3000000000000003,51.54639175257733,33.33333333333333,1.0309278350515465,0.6666666666666666,13.537397059583204,0.0,28.927280032583056,0.0,0.0,0.0,0.0,0.0,,,0.0,39.47939654920807,,0.0,5.0,123.33203968010613,114.04676795009848,54.868618844422286,0.4473323596166021,48.33333333333333,0.9584664536741214,0.10854795509308464,16.7812396671934,12.58592975039505,4.012357977317854
C. Ferrer,JRU,5.0,2.0,3.56666666665,0.02379527854468859,17.524931290894518,0.027597609448559456,0.03764904797888127,-0.010051438530321819,2.0,0.9500000000000001,100.0,100.0,2.0,0.0,8.286911284049587,0.0,17.707820954337542,7.628301564370878,31.050543384699374,50.0,0.0,0.0,inf,,9.870705076289756,6.228684059027201,,0.0,5.0,206.64912731608464,115.73429462359614,100.0,0.40800944891153845,65.0,0.6389776357827476,0.13468700594029479,11.03710320010409,8.277827400078067,6.554538985916927
E. Geronimo,AU,4.5,2.0,8.84166666665,-0.04480262909052292,5.727448568965834,0.019565134012000353,0.01867658425673573,0.0008885497552646237,1.0,0.75,64.43298969072166,66.66666666666666,1.288659793814433,0.6666666666666666,0.0,0.0,0.0,0.0,0.0,0.0,2.832335143538984,20.491803278688526,0.0,0.0,-5.174010241264986,11.912002807441437,,0.0,4.235294117647059,99.93186185690473,104.96015201081073,52.273325304165965,0.3007174068201606,60.95858288078192,0.0,0.08008537288130614,-8.132549587957925,-6.099412190968444,17.653278113664662
J. Dela Cruz,AU,4.5,2.0,4.03333333335,-0.04984932472221486,-1.6011333914757628,-0.03165531350452322,-0.03727154517676602,0.005616231672242805,0.0,-0.24999999999999994,29.069767441860467,33.33333333333333,0.5813953488372093,0.3333333333333333,5.789664880550047,0.0,11.330311916775361,6.208899973712354,20.881100556725045,18.38235294117647,6.208899973712354,18.38235294117647,1.0,0.0,-3.7807333787528363,23.758441990020728,,0.0,4.235294117647059,55.419355971054415,99.90372589566002,27.460337919709215,0.41324089509777345,41.781108339905245,-0.5076142131979695,0.0,-10.88396628578331,-8.162974714337484,8.052956274330922
L. Pallingayan,LPU,4.0,1.0,1.6,0.03888624791456081,59.670848942667,-0.054895237658020006,-0.05134214352480935,-0.0035530941332106557,2.0,1.7,100.0,100.0,2.0,0.0,0.0,0.0,0.0,0.0,0.0,0.0,0.0,0.0,,,0.0,26.588201928530914,,0.0,4.0,200.0,121.71345485000595,100.0,0.2433806640841371,65.0,0.5502063273727648,0.08008537288130614,18.619145752566656,13.964359314424993,3.1993005747120002
X. Estacio,AU,3.0,2.0,5.675,-0.039626912801769186,3.802370508232947,0.0012035324392195078,0.0008737317270757373,0.0003298007121437706,0.5,0.3000000000000001,33.33333333333333,33.33333333333333,0.6666666666666666,0.0,4.1148279033741595,8.414591892293224,0.0,0.0,0.0,0.0,0.0,0.0,,,0.0,11.409181572426828,,0.0,2.8235294117647056,86.44712770230808,105.12602170067987,43.14040940075051,0.2970262155165482,40.01625171179197,-0.25380710659898476,0.047619047619047616,-10.408281890114747,-7.80621141758606,11.330709138009704
J. Espiritu,AU,3.0,2.0,2.5083333333,-0.008625491875039323,7.36407202610111,0.013452730430649294,0.007697304258174246,0.0057554261724750465,1.0,0.3,0.0,0.0,0.0,0.0,9.309627249950301,0.0,18.218840424633925,9.983746137306085,27.776264909687786,100.0,0.0,0.0,inf,,12.158637577064791,0.0,,0.0,2.8235294117647056,209.8360655737705,96.37324084100902,100.0,0.4918067605162322,25.0,0.5076142131979695,0.08008537288130614,8.516600738350492,6.38745055376287,5.008140162254917
D. Paulo,LPU,3.0,2.0,5.1,-0.0560003457233182,-0.21536224547741012,-0.04328374054648844,-0.020632765447270506,-0.02265097509921793,-0.5,-0.050000000000000044,0.0,0.0,0.0,2.0,4.922471080482403,9.564801530368246,0.0,4.9030324420880635,13.679890560875513,34.72222222222222,0.0,0.0,inf,,6.344320135605629,7.84091288245304,,0.0,3.0,55.41333612541518,121.71345485000595,24.62056766113757,0.24338066408413708,56.91296030607365,-0.4126547455295736,,-10.18569179903761,-7.639268849278207,10.197770581894499
J. Garcia,MU,3.0,1.0,6.7833333333,-0.08643308762369814,-14.791376824248692,-0.05880624507637918,-0.061681065275316374,0.0028748201989371954,-2.0,-1.7,0.0,0.0,0.0,0.0,0.0,0.0,0.0,7.730181223026772,24.57002457014531,25.0,7.730181223026772,25.0,1.0,0.0,-5.001266559462617,20.11188914336587,,0.0,3.0,18.224817094761093,102.23124746256171,7.673607197794144,0.3128565128713,23.067454694243306,-0.7272727272727273,,-23.26875732251284,-17.45156799188463,12.936307327714207
K. De Jesus,JRU,2.0,1.0,4.5833333333,-0.03411119334704725,-4.139308791577517,-0.0038483720490518278,0.0,-0.0038483720490518278,1.0,-0.5,0.0,0.0,0.0,0.0,12.8974473802998,0.0,27.559808612640627,0.0,0.0,,0.0,,,,0.0,0.0,,0.0,2.0,,111.5392110087299,,0.5057636953944995,25.0,-0.3194888178913738,0.047619047619047616,5.132207830342928,3.849155872757196,8.422888883749852
J. Devera,EAC,2.0,1.0,5.7333333333,-0.024643672378752517,2.1803869508871143,0.010512880111879487,0.0094024192048747,0.001110460907004787,0.0,0.19999999999999996,56.81818181818182,0.0,1.1363636363636365,0.0,0.0,0.0,0.0,0.0,0.0,0.0,0.0,0.0,,,0.0,6.5868053116380985,,0.0,1.92,122.88850145949868,103.86711919863059,73.73310087569922,0.2746329445901568,25.0,-0.42016806722689076,0.0,-4.349324033401258,-3.2619930250509435,11.353856789515856
R. Postanes,EAC,0.0,1.0,4.1333333333,-0.042110032276598534,-9.657701179833621,-0.022596095207591933,-0.022466320530786777,-0.00012977467680515658,-2.0,-0.8,0.0,0.0,0.0,0.0,0.0,0.0,0.0,0.0,0.0,0.0,0.0,0.0,,,0.0,9.1365364000347,,0.0,0.0,0.0,105.5944121333381,0.0,0.2339913654340095,25.0,-0.8403361344537815,,-12.319385979148421,-9.239539484361316,8.185338615679058
